TIME -> 0 = GOTO -> HITBOX_INIT, A1_OPEN


//// STATE ////

$ -> HITBOX_INIT = HITBOX -> 5, 0, 10, 15
$ -> A1_OPEN = TRIPLE_ACTION -> CUTSOM(OPEN)OPEN
$ -> A1_CLOSE = TRIPLE_ACTION -> CUTSOM(CLOSE)CLOSE

$ -> OPEN = GOTO -> DELETE_DOOR, SOUND:DOOR_UNLOCK, CREATE_NULL_DOOR, A1_CLOSE
$ -> CLOSE = GOTO -> DELETE_DOOR, SOUND:DOOR_UNLOCK, CREATE_PURPLE_DOOR, A1_OPEN

$ -> CREATE_PURPLE_DOOR = CREATE -> 18-7-FRONT:1-235-6
$ -> CREATE_NULL_DOOR = CREATE -> 18-7-FRONT:1-235-0
$ -> DELETE_DOOR = DELETE -> 18-7:WORLD,1