TIME -> 0 = GOTO -> FACING:NULL, CREATE_PLANT, TA_INIT


//// SPOTTED ////

! -> WAITFOR_NULL = WAITFOR -> NULL
! -> DETECTION_PLAYER_WITHIN_OR_OUTSIDE_MIAOUSS_DESK = MEMORY -> SECOND_INTRUSION_IN_MIAOUSS_DESK ? DETECTION_PLAYER_WITHIN_OR_OUTSIDE_MIAOUSS_DESK_SECOND_INTRUSION / DETECTION_PLAYER_WITHIN_OR_OUTSIDE_MIAOUSS_DESK
$ -> DETECTION_PLAYER_WITHIN_OR_OUTSIDE_MIAOUSS_DESK_SECOND_INTRUSION = SEE -> PLAYER ? MIAOUSS_PLAYER_SPOTTED_SECOND_INTRUSION_WITHIN_MIAOUSS_DESK / MIAOUSS_PLAYER_SPOTTED_SECOND_INTRUSION_OUTSIDE_MIAOUSS_DESK
$ -> MIAOUSS_PLAYER_SPOTTED_SECOND_INTRUSION_WITHIN_MIAOUSS_DESK = MEMORY -> DISGUISE ? PARSE_MIAOUSS_DISGUISE_SECOND_WARNING_WITHIN_MIAOUSS_DESK / AFFECTING:MIAOUSS*PLAYER_SPOTTED_SECOND_INTRUSION
$ -> MIAOUSS_PLAYER_SPOTTED_SECOND_INTRUSION_OUTSIDE_MIAOUSS_DESK = MEMORY -> DISGUISE ? PARSE_MIAOUSS_DISGUISE_SECOND_WARNING_OUTSIDE_MIAOUSS_DESK / AFFECTING:MIAOUSS*PLAYER_SPOTTED_SECOND_INTRUSION
$ -> PARSE_MIAOUSS_DISGUISE_SECOND_WARNING_WITHIN_MIAOUSS_DESK = MEMORY -> MIAOUSS_DISGUISE_SECOND_WARNING ? AFFECTING:MIAOUSS*PLAYER_SPOTTED_SECOND_WARNING / PARSE_MIAOUSS_DISGUISE_FIRST_WARNING_WITHIN_MIAOUSS_DESK
$ -> PARSE_MIAOUSS_DISGUISE_SECOND_WARNING_OUTSIDE_MIAOUSS_DESK = MEMORY -> MIAOUSS_DISGUISE_SECOND_WARNING ? AFFECTING:MIAOUSS*PLAYER_SPOTTED_SECOND_WARNING / PARSE_MIAOUSS_DISGUISE_FIRST_WARNING_OUTSIDE_MIAOUSS_DESK
$ -> PARSE_MIAOUSS_DISGUISE_FIRST_WARNING_WITHIN_MIAOUSS_DESK = MEMORY -> MIAOUSS_DISGUISE_FIRST_WARNING ? AFFECTING:MIAOUSS*PLAYER_SPOTTED_FIRST_WARNING_WITHIN_MIAOUSS_DESK / AFFECTING:MIAOUSS*PLAYER_SPOTTED_DISGUISE_NO_WARNING_WITHIN_MIAOUSS_DESK
$ -> PARSE_MIAOUSS_DISGUISE_FIRST_WARNING_OUTSIDE_MIAOUSS_DESK = MEMORY -> MIAOUSS_DISGUISE_FIRST_WARNING ? AFFECTING:MIAOUSS*PLAYER_SPOTTED_FIRST_WARNING_OUTSIDE_MIAOUSS_DESK / AFFECTING:MIAOUSS*PLAYER_SPOTTED_DISGUISE_NO_WARNING_OUTSIDE_MIAOUSS_DESK

$ -> DETECTION_PLAYER_WITHIN_OR_OUTSIDE_MIAOUSS_DESK = SEE -> PLAYER ? AFFECTING:MIAOUSS*PLAYER_SPOTTED_WITHING_MIAOUSS_DESK / AFFECTING:MIAOUSS*PLAYER_SPOTTED_OUTSIDE_MIAOUSS_DESK
! -> TIMER_BEFORE_MIAOUSS_LEAVING_CORRIDOR = WAITFOR_COMPLEXE_TIMER -> 1,1,1,1,2 ? 1*AFFECTING:MIAOUSS*FACING_UP, 2*AFFECTING:MIAOUSS*FACING_DOWN, 3*AFFECTING:MIAOUSS*FACING_RIGHT, 4*AFFECTING:MIAOUSS*EXPRESSION_SUSPENSION, 5*MEMORY:MIAOUSS_GOES_BACK_TO_HIS_DESK, 5*AFFECTING:MIAOUSS*GOES_BACK_TO_HIS_DESK


//// SPEEDRUN PATH ////

$ -> CREATE_PLANT = CREATE_DECORATION -> 12-42-FRONT:WORLD,1,1,PLANT,0-0,1-1
! -> PLANT_BAITING = MEMORY -> SECOND_INTRUSION_IN_MIAOUSS_DESK ? ACTION_ONE:CUSTOM(SET_UP_THE_DIVERSION)PLANT_BAITING / NULL
$ -> PLANT_BAITING = GOTO -> CUTSCENE:START, WAITFOR_TAKING_PLANT
$ -> WAITFOR_TAKING_PLANT = WAITFOR -> TIMER:1 ? TP:12-46, DELETE_PLANT, SOUND:JUMP, WAITFOR_TIMER_ONE:AFFECTING:PLAYER*MOVE_NEAR_BAIT
$ -> DELETE_PLANT = DELETE -> 12-42:WORLD,2
! -> PLAYER_REACHED_NEAR_BAIT = GOTO -> CREATE_PLANT_BAITING, SOUND:GLASS, CUTSCENE:STOP, TP:16-46, A1_HIT_WALL
$ -> CREATE_PLANT_BAITING = CREATE_DECORATION -> 11-45-FRONT:WORLD,1,1,PLANT,11-4,1-1

$ -> HIGHLIGHT_DIVERSION = HIGHLIGHT -> -5, -1, 2, 2
$ -> A1_HIT_WALL = GOTO -> HIGHLIGHT_DIVERSION, NAME:OBJ-18-DIVERSION, HIGHLIGHT_REFRESH:PROCESS, ACTION_ONE:CUSTOM(START_THE_DIVERSION)CREATE_A_DIVERSION
$ -> CREATE_A_DIVERSION = GOTO -> CUTSCENE:START, CAMERA:FIX, DELETION_OF_LEFT_WALL, DELETION_OF_DOWN_WALL, WAITFOR_CREATE_A_DIVERSION
$ -> DELETION_OF_LEFT_WALL = DELETE -> 13-44:WORLD,1
$ -> DELETION_OF_DOWN_WALL = DELETE -> 16-46:WORLD,1
$ -> WAITFOR_CREATE_A_DIVERSION = WAITFOR -> TIMER:1 ? TP:13-47, AFFECTING:PLAYER*MOVE_DIVERSION
! -> MIAOUSS_FALLING_PLANT = GOTO -> DELETE_UNFALLEN_PLANT, CREATE_FALLING_PLANT_ANIMATION, WAITFOR_TIMER_ONE:SOUND:POT
$ -> DELETE_UNFALLEN_PLANT = DELETE -> 11-45:WORLD,1
$ -> CREATE_FALLING_PLANT_ANIMATION = CREATE_ANIMATION -> 11-45-BACK:WORLD,2,2,PLANT_FALLING,2,FALSE








//// TAKE STOCK ////

$ -> TA_INIT = TRIPLE_ACTION -> CUSTOM(TAKE_STOCK)TAKE_STOCK