TIME -> 0 = GOTO -> NAME:REBECCA, FACING:UP


//// STATE ////

! -> DISGUISE = GOTO -> NAME:REBECCA_POLICE_CAPLESS, TALK:OBJECT*DISGUISE
$ -> DISPLAY_SIT = DISPLAY -> 0, -1
! -> DISPLAY_PLAYER_NORMAL = DISPLAY -> 0, 0
! -> CONDITION_GOOD = CONDITION -> GOOD
! -> KILLED = GOTO -> CONDITION:KO, CREATE_BLOOD_PUDDLE
$ -> CREATE_BLOOD_PUDDLE = CREATE_DECORATION -> ONTHESPOT-FRONT:GROUND,1,1,BLOOD_PUDDLE,0-0,1-1


//// INTRODUCTION ////

TALKED -> SARAH*INTRODUCTION = WAITFOR -> MOVE:16-42 ? MOVE:16-43
GOAL -> 16-43 = MEMORY -> SARAH_MOVED_TO_TOILET ? CUTSCENE:STOP / TALK:SARAH*WHAT_NOW
TALKED -> SARAH*WHAT_NOW = GOTO -> AFFECTING:SARAH*MOVE_TO_TOILET, MEMORY:SARAH_MOVED_TO_TOILET, WAITFOR_MOVE_TO_TOILET
$ -> WAITFOR_MOVE_TO_TOILET = WAITFOR ->  TIMER:1 ? MOVE:30-43
GOAL -> 30-43 = WAITFOR -> MOVE:30-46 ? MOVE:32-47
GOAL -> 32-47 = MOVE -> 33-47
GOAL -> 33-47 = GOTO -> MUSIC:INFILTRATION, TALK:SARAH*BRANCHING_FAIL
TALKED -> SARAH*BRANCHING_FAIL = GOTO -> REFRESH_TOILET_DOOR, FACING:SARAH, TALK:SARAH*BRANCHING
$ -> REFRESH_TOILET_DOOR = GOTO -> DELETE_TOILET_DOOR, CREATE_TOILET_DOOR, SOUND:DOOR_CLOSE
$ -> DELETE_TOILET_DOOR = DELETE -> 32-47:WORLD,1
$ -> CREATE_TOILET_DOOR = CREATE -> 32-47-FRONT:1-255-0
TALKED -> SARAH*BRANCHING = CHOICE -> PLAYER : (STEAL)SCENARIO_CAMILLE, (DO_RESEARCH)SCENARIO_STEPHAN


//// RECEPTION ////

TALKED -> OBJECT*LEAVING = MEMORY -> ENTRANCE_IS_EXTENDED ? MOVE:30-56 / MOVE:30-48
TALKED -> OBJECT*LEAVING_GOOD = MEMORY -> ENTRANCE_IS_EXTENDED ? MOVE:30-56 / MOVE:30-48
TALKED -> OBJECT*LEAVING_BAD = MEMORY -> ENTRANCE_IS_EXTENDED ? MOVE:30-56 / MOVE:30-48
GOAL -> 30-56 = CUTSCENE -> STOP
GOAL -> 30-48 = CUTSCENE -> STOP
! -> TP_SPEEDRUN = TP -> 16-47
! -> STOP_PLAYER = MOVE -> STOP
! -> MOVE_PLAYER_TO_SINK = WAITFOR -> MOVE:33-47 ? FACING:UP, DISPLAY_SINK, AFFECTING:OBJ-03*PLAYER_REACHED_SINK
$ -> DISPLAY_SINK = DISPLAY -> 0, -14
! -> LEAVE_MIAOUSS_DESK = CONDITION -> SIT ? AFFECTING:PLAYER*LEAVE_MIAOUSS_COMPUTER, MOVE:14-44 / MOVE:14-44
TALKED -> POLICEMAN*PLAYER_SPOTTED_MIAOUSS_IN_CORRIDOR = WAITFOR -> TIMER:1 ? SLOW:25-44
GOAL -> 14-44 = GOTO -> FACING:LEFT, AFFECTING:MIAOUSS*PLAYER_LEFT_MIAOUSS_DESK
! -> SAT_ON_MIAOUSS_COMPUTER = GOTO -> FACING:RIGHT, CONDITION:SIT, SOUND:JUMP, DISPLAY_SIT, TP:9-44
! -> LEAVE_MIAOUSS_COMPUTER = CONDITION -> SIT ? FACING:DOWN, CONDITION:GOOD, SOUND:JUMP, AFFECTING:PLAYER*DISPLAY_PLAYER_NORMAL, TP:9-45 / NULL
! -> MOVE_UNDER_VENT = MOVE -> 17-48
! -> MOVE_UNDER_MIAOUSS_VENT = MOVE -> 11-45
! -> MOVE_NEAR_BAIT = MOVE -> 12-45
GOAL -> 17-48 = WAITFOR -> TIMER:1 ? AFFECTING:OBJ-19*PLAYER_REACHED_UNDER_VENT
GOAL -> 11-45 = WAITFOR -> TIMER:1 ? AFFECTING:OBJ-20-VENT*PLAYER_REACHED_UNDER_MIAOUSS_VENT
GOAL -> 12-45 = WAITFOR -> TIMER:1 ? AFFECTING:OBJ-18*PLAYER_REACHED_NEAR_BAIT, AFFECTING:OBJ-20*PLAYER_REACHED_NEAR_BAIT
! -> TP_VENT = TP -> 16-48
! -> TP_MIAOUSS_VENT = TP -> 11-44
! -> MOVE_DIVERSION = WAITFOR -> SLOW:15-47 ? FACING:LEFT, WAITING_RUSH_AGAINST_WALL
$ -> WAITING_RUSH_AGAINST_WALL = WAITFOR -> TIMER:2 ? FAST:14-47
GOAL -> 14-47 = GOTO -> SOUND:HIT_MEDIUM, AFFECTING:MIAOUSS_FALLING_PLANT
! -> MIAOUSS_FALLING_PLANT = WAITFOR -> TIMER:1 ? SLOW:16-47, WAITING_SPEERUN_RUNAWAY
GOAL -> 16-47 = FACING -> UP
$ -> WAITING_SPEERUN_RUNAWAY = WAITFOR -> TIMER:6 ? FAST:16-44
GOAL -> 16-44 = FAST -> 26-44
GOAL -> 26-44 = AFFECTING -> SET-UP*END_SPEEDRUN
TALKED -> POLICEMAN*PLAYER_SPOTTED_MIAOUSS_SECOND_INTRUSION_NEXT = WAITFOR -> TIMER:1 ? SOUND:HIT_LARGE, CONDITION:KO, DELETE_BED, TP:31-7, CAMERA:PLAYER, CONCUSSION
$ -> CONCUSSION = GOTO -> WAITFOR_ETERNAL_SLEEP, ACHIEVEMENT:CONCUSSION
$ -> WAITFOR_ETERNAL_SLEEP = WAITFOR -> TIMER:10 ? ACHIEVEMENT:ETERNALSLEEP
$ -> DELETE_BED = DELETE -> 31-7:WORLD,1

! -> MOVE_IN_JAMES_DESK = MOVE -> 16-41
GOAL -> 16-41 = AFFECTING -> JAMES*WAITFOR_TALK_PLAYER_SPOTTED_JAMES_WITHIN_DESK
! -> MOVE_OUT_JAMES_DESK = MOVE -> 16-43
! -> MOVE_IN_CASSIDY_DESK = MOVE -> 22-47
GOAL -> 22-47 = AFFECTING -> CASSIDY*WAITFOR_TALK_PLAYER_SPOTTED_CASSIDY_WITHIN_DESK
! -> MOVE_OUT_CASSIDY_DESK = MOVE -> 22-45
GOAL -> 22-45 = GOTO -> PARSE_FINAL_CASSIDY, CUTSCENE:STOP
$ -> PARSE_FINAL_CASSIDY = MEMORY -> PLAYER_SPOTTED_CASSIDY_WITHIN_DESK_LAST ? CREATE_WALL, TALK:POLICEWOMAN*PLAYER_SPOTTED_CASSIDY_WITHIN_DESK_FINAL / NULL
$ -> CREATE_WALL = CREATE -> 22-46-BACK:255-255-255
TALKED -> SARAH*DIVERSION_START = FACING -> LEFT ? SLOW:28-45 / NULL
GOAL -> 28-45 = FACING -> LEFT
! -> MOVE_IN_FRONT_OF_JESSY_DESK = WAITFOR -> MOVE:30-44 ? FACING:DOWN, CUTSCENE:STOP
TALKED -> SARAH*DIVERSION_AGAIN = WAITFOR -> TIMER:1 ? MOVE:33-44
TALKED -> SARAH*DIVERSION_AGAIN_VAR = WAITFOR -> TIMER:1 ? MOVE:33-44
! -> CREATE_CYAN_KEY = CREATE -> 30-41-BACK:1-1-255
! -> PLANT_STOLEN = CREATE_BONUSTEXT -> ONTHESPOT,NORMAL,PLANT


//// CHANGING ROOM & FUTHER ////

! -> CREATE_SHOVEL = CREATE -> ONTHESPOT-BACK:4-1-255
! -> CREATE_GREEN_KEY = CREATE -> ONTHESPOT-BACK:1-2-255
! -> CREATE_DONUT = CREATE_BONUSTEXT -> ONTHESPOT,NORMAL,DONUT
! -> EAT_DONUT = CREATE_BONUSTEXT -> ONTHESPOT,NORMAL,CRUNCH
! -> CREATE_COFFEE = GOTO -> CONDITION:CUP, BONUS_TEXT_COFFEE
$ -> BONUS_TEXT_COFFEE = CREATE_BONUSTEXT -> ONTHESPOT,NORMAL,COFFEE
! -> TP_VENT_BOMB_LEFT = TP -> 27-29
! -> TP_VENT_BOMB = TP -> 28-29


//// RESTROOM ////

TALKED -> OBJECT*BETTER_COUCHING = GOTO -> CUTSCENE:START, MOVE:12-33, WAITING_UNSIT_FROM_CHAIR
$ -> WAITING_UNSIT_FROM_CHAIR = WAITFOR -> TIMER:1 ? UNSIT_FROM_CHAIR_CONDITIONNAL
$ -> UNSIT_FROM_CHAIR_CONDITIONNAL = MEMORY -> SAT_ON_RESTROOM_STOOL_INSTEAD_OF_CHAIR ? UNSIT_FROM_STOOL / UNSIT_FROM_CHAIR
$ -> UNSIT_FROM_CHAIR = STATE_PLAYER -> 10-35,0,-8,DOWN,GOOD, SOUND:JUMP, AFFECTING:REFRESH_RESTROOM_SITS
$ -> UNSIT_FROM_STOOL = STATE_PLAYER -> 12-35,0,0,UP,GOOD, SOUND:JUMP, AFFECTING:REFRESH_RESTROOM_SITS
GOAL -> 12-33 = GOTO -> AFFECTING:OBJ-15*COUCH_SITTING, CAMERA:PLAYER_FLUID, CUTSCENE:STOP
! -> PLAYER_DRINKING = CREATE_BONUSTEXT -> ONTHESPOT,NORMAL,SLURP


///// UP /////

WONPUZZLE -> 14-19 = GOTO -> CUTSCENE:START, SLOW:15-19
GOAL -> 15-19 = GOTO -> CUTSCENE:STOP, CREATE_WALL_TOILET
$ -> CREATE_WALL_TOILET = CREATE -> 14-19-FRONT:255-255-255
! -> TP_PLAYER_MIDDLE_CELL = TP -> 22-7
! -> BONUS_TEXT_RESULTS_OBTAINED = CREATE_BONUSTEXT -> ONTHESPOT,NORMAL,RESULTS_OBTAINED
! -> MOVE_TO_EMAIL_DESK = WAITFOR -> MOVE:12-23 ? SOUND:JUMP, FACING:DOWN, CONDITION:SIT, DISPLAY_SIT, DELETE_CHAIR, TP:11-23, SOUND:KEYBOARD, WAITFOR_LEAVE_DESK
$ -> WAITFOR_LEAVE_DESK = WAITFOR -> TIMER:4 ? SOUND:JUMP, CONDITION:GOOD, TP:12-23, MOVE:21-25, AFFECTING:PLAYER*DISPLAY_PLAYER_NORMAL
GOAL -> 21-25 = GOTO -> FACING:DOWN, AFFECTING:OBJ-22*PLAYER_REACHED_UP_CHIEF, AFFECTING:GIOVANNI*PLAYER_REACHED_UP_CHIEF
$ -> DELETE_CHAIR = DELETE -> 11-23:WORLD,1
TALKED -> OBJECT*WAKE_UP_JESSY = FACING -> JESSY


///// BIG JAIL /////

! -> MOVE_TO_CELL_DOOR = WAITFOR -> TIMER:2 ? MOVE:27-22
GOAL -> 27-22 = FACING -> RIGHT
! -> CREATE_YELLOW_KEY = CREATE -> ONTHESPOT-BACK:1-3-255
! -> MOVE_TO_DOUG = MOVE -> DOUG
TALKED -> YELLOW_KEY*TEDDY_YELLOW_KEY = WAITFOR -> TIMER:2 ? MOVE:31-22
GOAL -> 31-22 = MOVE -> 26-22
GOAL -> 26-22 = MOVE -> 26-17
GOAL -> 26-17 = FACING -> UP