TIME -> 0 = GOTO -> NAME:REBECCA, FACING:UP, BLOCKING_PATH:FALSE, PARSE_CHECKPOINT
$ -> PARSE_CHECKPOINT = CHECKPOINT -> FAST_START ? DELETE_MYSELF:TRUE / NULL

SAVED -> LABORATORY*REBECCA_ARRIVE_BEFORE_SARAH = DELETE_MYSELF -> TRUE
SAVED -> LABORATORY*REBECCA_ARRIVE_WITH_SARAH = DELETE_MYSELF -> TRUE
SAVED -> LABORATORY*REBECCA_ARRIVE_AFTER_SARAH = TP -> 26-61
SAVED -> PSYCHOPATH*SARAH_SEQUESTRATION = DELETE_MYSELF -> TRUE


//// STATE ////

$ -> DISPLAY_NORMAL = DISPLAY -> 0, 0
$ -> DISPLAY_SIT = DISPLAY -> 0, -7


//// ARRIVAL ////

TIME -> 10 = MOVE -> 26-59
GOAL -> 26-59 = WAITFOR -> TIMER:1 ? UNLOCK_ENTRANCE_DOOR, WAITFOR_TIMER_ONE:MOVE:26-57
$ -> UNLOCK_ENTRANCE_DOOR = GOTO -> DELETE_ENTRANCE_DOOR, CREATE_ENTRANCE_NULL_DOOR, UNLOCK_ENTRANCE_DOOR_ANIMATION, SOUND:DOOR_UNLOCK
$ -> DELETE_ENTRANCE_DOOR = DELETE -> 26-58:WORLD,1
$ -> UNLOCK_ENTRANCE_DOOR_ANIMATION = CREATE -> 26-58-FRONT:1-128-1
$ -> CREATE_ENTRANCE_NULL_DOOR = CREATE -> 26-58-FRONT:1-235-0

GOAL -> 26-57 = GOTO -> FACING:DOWN, WAITING_BEFORE_LOCKING_ENTERING_DOOR
$ -> WAITING_BEFORE_LOCKING_ENTERING_DOOR = WAITFOR -> TIMER:1 ? LOCK_ENTRANCE_DOOR, WAITFOR_TIMER_ONE:MOVE:22-54
$ -> LOCK_ENTRANCE_DOOR = GOTO -> DELETE_ENTRANCE_DOOR, CREATE_ENTRANCE_CYAN_DOOR, LOCK_ENTRANCE_DOOR_ANIMATION, SOUND:DOOR_UNLOCK
$ -> LOCK_ENTRANCE_DOOR_ANIMATION = CREATE -> 26-58-FRONT:1-128-2
$ -> CREATE_ENTRANCE_CYAN_DOOR = CREATE -> 26-58-FRONT:1-235-1


//// WITH SARAH ////

TALKED -> SARAH_GREET*AFTER_THANK = GOTO -> GO_WORKING
TALKED -> SARAH_GREET*AFTER_ANGRY = GOTO -> GO_WORKING
TALKED -> SARAH_GREET*AFTER_ANGRY_REALLY_HARD = GOTO -> GO_WORKING
$ -> GO_WORKING = GOTO -> MOVE:22-53, WAITFOR_UNSIT
GOAL -> 22-53 = GOTO -> AFFECTING:OBJ-01*REBECCAS_DESK_SIT, PLAYER_SITTING, SOUND:KEYBOARD
$ -> PLAYER_SITTING = GOTO -> TP:21-53, DISPLAY_SIT, FACING:UP, CONDITION:SIT, SOUND:JUMP
$ -> WAITFOR_UNSIT = WAITFOR_COMPLEXE_TIMER -> 3,4,7 ? 1*PLAYER_UNSITTING, 1*AFFECTING:OBJ-01*REBECCAS_DESK_UNSIT, 1*MOVE:23-53, 2*SOUND:BUBBLES, 3*AFFECTING:VLADIMIR_ARRIVAL
$ -> PLAYER_UNSITTING = GOTO -> TP:22-53, DISPLAY_NORMAL, FACING:RIGHT, CONDITION:GOOD
GOAL -> 23-53 = FACING -> UP
! -> VLADIMIR_ARRIVAL = DELETE_MYSELF -> TRUE
