TIME -> 0 = GOTO -> NAME:SARAH, PLAYER_AVOIDER_TYPE:THROUGH, SLOW:11-6


//// STATE ////

$ -> DISPLAY_NORMAL = DISPLAY -> 0, 0
$ -> DISPLAY_SIT = DISPLAY -> 0, -7
$ -> DISPLAY_DOWNER = DISPLAY -> 0, 8


//// ARRIVAL ////

GOAL -> 11-6 = GOTO -> FACING_PLAYER:LEFT, TALK:SARAH*WAIT_HERE
TALKED -> SARAH*WAIT_HERE = GOTO -> CREATE_BLOCKED_EXIT, CUTSCENE:STOP_WITH_DELAY, BLOCKING_PATH:TRUE, PLAYER_AVOIDER_TYPE:CUTSCENE, SLOW:10-4
$ -> CREATE_BLOCKED_EXIT = CREATE -> 11-10-BACK:255-255-255
GOAL -> 10-4 = GOTO -> AFFECTING:OBJ-07*SARAH_SIT, SITTING, SOUND:KEYBOARD, WAITFOR_MORE_KEYBOARD
$ -> WAITFOR_MORE_KEYBOARD = WAITFOR_COMPLEXE_TIMER -> 2,4,8,12,13 ? 1*SIMULATION_READY, 2*SOUND:KEYBOARD, 3*SOUND:KEYBOARD, 4*SOUND:KEYBOARD, 5*UNSITTING_CONDITIONNAL
$ -> CUTSCENE_CONDITIONNAL = MEMORY -> SIT_AGAIN ? NULL / CUTSCENE:START, AFFECTING:PLAYER*MOVE_PLAYER_TO_COMPUTER
$ -> UNSITTING_CONDITIONNAL = MEMORY -> SIT_AGAIN ? KEYBOARD_LOOP / WAITFOR_EVEN_MORE_KEYBOARD
$ -> WAITFOR_EVEN_MORE_KEYBOARD = WAITFOR_COMPLEXE_TIMER -> 4,8,12,13 ? 1*SOUND:KEYBOARD, 2*SOUND:KEYBOARD, 3*CUTSCENE_CONDITIONNAL, 4*AFFECTING:OBJ-07*SARAH_UNSIT, 4*UNSITTING
$ -> SITTING = GOTO -> TP:9-4, DISPLAY_SIT, FACING:UP, CONDITION:SIT, SOUND:JUMP

$ -> UNSITTING = GOTO -> TP:10-4, DISPLAY_NORMAL, SOUND:JUMP, CONDITION:GOOD, SLOW:11-4
GOAL -> 11-4 = GOTO -> FACING:DOWN, MEMORY:SARAH_UNSAT
! -> CHOICE_PRETTY_PLEASE = TALK -> SARAH*PRETTY_PLEASE


//// SIMULATION ////

TALKED -> SARAH*PRETTY_PLEASE = GOTO -> MEMORY:SIT_AGAIN, CUTSCENE:STOP, SLOW:10-4
$ -> SIMULATION_READY = MEMORY -> SIT_AGAIN ? AFFECTING:OBJ-10*SIMULATION_CREATE_CHEST / NULL
$ -> KEYBOARD_LOOP = WAITFOR -> TIMER:4 ? SOUND:KEYBOARD, KEYBOARD_LOOP