TIME -> 0 = GOTO -> NAME:MIAKA, TEXTURE
SAVED -> MIKA*START_DATING = MEMORY -> MIKA_IS_ON_THE_WAY
$ -> TEXTURE = PREFFERED_ATTRACTION -> FEMALE ? TEXTURE_NAME:MIAKA_MIA / TEXTURE_NAME:MIAKA_MIKA


//// STATE ////

! -> PLAYER_NOTICE_WRONG_DIRECTION = WAITFOR -> FAST:1-0 ? TALK:REBECCA*WRONG_DIRECTION
SELFTALKING -> REBECCA*WRONG_DIRECTION = MEMORY -> MIKA_IS_ON_THE_WAY ? WAITFOR_MIKA_IS_ON_THE_WAY / DELETE_MYSELF:PROCESS
$ -> CLEAR_INTERACTIVENESS = SPREAD_INTERACTIVENESS -> CLEAR,0-0


//// DOOR KNOCKING ////

$ -> WAITFOR_MIKA_IS_ON_THE_WAY = WAITFOR -> TIMER:20 ? TRY_ARRIVING
$ -> TRY_ARRIVING = READY_PLAYER -> FALSE ? WAITFOR_TIMER_ONE:TRY_ARRIVING / MIKA_ARRIVAL
$ -> MIKA_ARRIVAL = GOTO -> CUTSCENE:START, KNOCK_DOOR, MUSIC:NULL, WAITING_BEFORE_REALISATION, MIKA_IS_AT_DOOR
$ -> WAITING_BEFORE_REALISATION = WAITFOR -> TIMER:2 ? PLAYER_REALIZE
$ -> PLAYER_REALIZE = GOTO -> FACING_PLAYER:DOWN, EXPRESSION_PLAYER:EXCLAMATION, CUTSCENE:STOP_WITH_DELAY, WAITING_BEFORE_KNOCKING_AGAIN
$ -> WAITING_BEFORE_KNOCKING_AGAIN = WAITFOR_COMPLEXE_TIMER -> 4,10,30 ? 1*KNOCK_DOOR, 2*KNOCK_DOOR, 3*TOO_LATE_AT_DOOR
$ -> KNOCK_DOOR = GOTO -> SOUND:DOOR_KNOCK, CREATE_BONUSTEXT_KNOCK
$ -> CREATE_BONUSTEXT_KNOCK = CREATE_BONUSTEXT -> 13-3,IMPORTANT,KNOCK
$ -> SPREAD_INTERACTIVENESS_DOOR = SPREAD_INTERACTIVENESS -> ADD_KEEP_HIGHLIGHT, 13-1
$ -> TOO_LATE_AT_DOOR = GOTO -> CLEAR_INTERACTIVENESS, MUSIC:REBECCAS_ROOM
$ -> MIKA_IS_AT_DOOR = GOTO -> TP:13-0, FACING:DOWN, SPREAD_INTERACTIVENESS_DOOR, TA_WHOS_THERE
$ -> TA_WHOS_THERE = TRIPLE_ACTION -> CUTSTOM(WHOS_THERE)WHOS_THERE
$ -> WHOS_THERE = GOTO -> CUTSCENE:START, MEMORY:WOLF_INSIDE, WAITFOR_TIMER_ONE:TALK:MIKA*WHOS_THERE


//// WOLF INSIDE ////

! -> ENTERING = SLOW -> 13-3
GOAL -> 13-3 = TALK -> MIKA*HITTING_ON
SELFTALKING -> MIKA*HITTING_ON = GOTO -> EXPRESSION:SUSPENSION, WAITFOR_TALK_HITTING_ON_NEXT
$ -> WAITFOR_TALK_HITTING_ON_NEXT = WAITFOR -> TIMER:3 ? TALK:MIKA*HITTING_ON_NEXT
SELFTALKING -> MIKA*HITTING_ON_NEXT = GOTO -> SOUND:JUMP, CREATE_MIKA_HUGGING_DRUNK_REBECCA, TP:2-0, AFFECTING:PLAYER*HIDE, TALK:MIKA*WANDERING_HANDS
$ -> CREATE_MIKA_HUGGING_DRUNK_REBECCA =  CREATE_ANIMATION -> 12-3-BACK:WORLD,2,2,MIKA_ABUSING_REBECCA,40,TRUE
SELFTALKING -> MIKA*WANDERING_HANDS = GOTO -> SOUND:SLIME_SLIME_SLIME, TALK:MIKA*WANDERING_HANDS_NEXT
SELFTALKING -> MIKA*WANDERING_HANDS_NEXT = WAITFOR -> SLOW:4-0 ? SOUND:SLIME, SLOW:6-0
GOAL -> 6-0 = GOTO -> SOUND:SLIME, SLOW:8-0
GOAL -> 8-0 = GOTO -> SOUND:SLIME, SLOW:10-0
GOAL -> 10-0 = TALK -> MIKA*WHAT_I_AM_WRITTING_IS_DISGUSTING_ME
SELFTALKING -> MIKA*WHAT_I_AM_WRITTING_IS_DISGUSTING_ME = GOTO -> stuff