TIME -> 0 = GOTO -> NAME:REBECCA, CONDITION:BED, ENTRANCE_CONDITIONNAL


//// STATE ////

$ -> WAITFOR_NULL = WAITFOR -> NULL
! -> HIDE = TP -> 1-0


//// ENTRANCE////

$ -> ENTRANCE_CONDITIONNAL = MENU -> FALSE ? CUTSCENE:START, PLAYER_IS_DRUNK / WAITFOR_TIMER_ONE:ENTRANCE_CONDITIONNAL
$ -> PLAYER_IS_DRUNK = WAITFOR -> TIMER:0 ? GIVE_DRUNK_PLAYER:6, ENTRANCE
$ -> ENTRANCE = WAITFOR -> TIMER:1 ? CONDITION:GOOD, SNAIL:13-4
GOAL -> 13-4 = MEMORY -> WOLF_INSIDE ? LETTING_MIKA_INSIDE / TALK:REBECCA*DRUNK
SELFTALKING -> REBECCA*DRUNK = CUTSCENE -> STOP


//// KITCHEN ////

! -> PUKE_IN_THE_SINK = WAITFOR_COMPLEXE_TIMER -> 1,2,4 ? 1*JUMP_TO_SINK, 2*PUKING_IN_SINK, 3*BACK_FROM_PUKE_SINK
$ -> JUMP_TO_SINK = GOTO -> CREATE_REBECCA_HEAD_IN_SINK, TP:0-0, SOUND:JUMP
$ -> PUKING_IN_SINK = GOTO -> GIVE_DRUNK_PLAYER:-1, SOUND:BURP_ALONE, CREATE_PUKING_IN_SINK_ANIMATION
$ -> BACK_FROM_PUKE_SINK = GOTO -> DELETE_REBECCA_HEAD_IN_SINK, TP:17-3, CONDITION:GOOD, CUTSCENE:STOP
$ -> CREATE_PUKING_IN_SINK_ANIMATION = CREATE_ANIMATION -> 18-3-FRONT:WORLD,1,1,PUKING,8,FALSE
$ -> CREATE_REBECCA_HEAD_IN_SINK = CREATE_DECORATION -> 18-3-BACK:WORLD,1,1,REBECCA,0-0,1-8
$ -> DELETE_REBECCA_HEAD_IN_SINK = DELETE -> 18-3:WORLD,1


//// TOILET ////

! -> MOVE_PLAYER_TO_SINK = WAITFOR -> SLOW:2-8 ? FACING:UP, AFFECTING:OBJ-12*PLAYER_REACHED_SINK


//// WOLF INSIDE ////

TALKED -> MIKA*WHOS_THERE = SLOW -> 13-4
$ -> LETTING_MIKA_INSIDE = GOTO -> MUSIC:NULL, FACING:UP, AFFECTING:MIAKA*ENTERING
! -> TP_BACK_TO_REALITY = TP -> 13-4