TIME -> 0 = GOTO -> NAME:SARAH, BLOCKING_PATH:FALSE, PARSE_CHECKPOINT
$ -> PARSE_CHECKPOINT = CHECKPOINT -> FAST_START ? WAITFOR_NULL, BLOCKING_PATH:TRUE, MOVE:STOP, FACING:DOWN, PARSE_SADISTIC_CHECKPOINT / NULL
$ -> PARSE_SADISTIC_CHECKPOINT = MEMORY -> SARAH_ANGRY_REALLY_HARD ? TP:20-55, PARSE_SADISTIC_HEADING_MIKA / TP:25-55


//// STATE ////

$ -> NORMAL_HITBOX = HITBOX -> 0, 0, 16, 16
$ -> LARGE_HITBOX = HITBOX -> -16, -16, 48, 48
$ -> TA_NULL = TRIPLE_ACTION -> NULL
$ -> WAITFOR_NULL = WAITFOR -> NULL
! -> PUSH_SARAH_TO_RIGHT = GOTO -> FACING:LEFT, PUSH:RIGHT
$ -> SIT_ON_JEAN_CHAIR = GOTO -> CREATE_JEAN_CHAIR_AT_CAMILLE_DESK, SOUND_IF_CAMERA:JUMP, CONDITION:SIT, FACING:LEFT, TP:32-43, DISPLAY_SIT
$ -> UNSIT_OFF_JEAN_CHAIR = GOTO -> FACING:DOWN, TP:32-44, DISPLAY_NORMAL, CONDITION:GOOD, SOUND_IF_CAMERA:JUMP, CREATE_WALL_ON_CHAIR
$ -> CREATE_WALL_ON_CHAIR = CREATE -> 32-43-BACK:255-255-255
$ -> DISPLAY_NORMAL = DISPLAY -> 0, 0
$ -> DISPLAY_SIT = DISPLAY -> 1, -2


//// VLADIMIR CUTSCENE ////

! -> VLADIMIR_ARRIVAL = GOTO -> TP:20-55, FACING:RIGHT, EXPRESSION:EXCLAMATION
TALKED -> VLADIMIR_CUTSCENE*MIKA_DAMN_IT = WAITFOR -> TIMER:1 ? BLOCKING_PATH:TRUE, PARSE_SADISTIC_HEADING_ENTRANCE
GOAL -> 22-55 = SLOW -> 25-55

! -> CHOOSING_FIND_AN_EXIT = TALK -> VLADIMIR_CUTSCENE*SARAH_SCENARIO_EXIT
TALKED -> VLADIMIR_CUTSCENE*SARAH_SCENARIO_EXIT = GOTO -> SCENARIO_EXIT
TALKED -> VLADIMIR_CUTSCENE*MIKA_WHAT_HAPPENED_SADISTIC = GOTO -> SCENARIO_EXIT
$ -> SCENARIO_EXIT = GOTO -> MEMORY:SCENARIO_EXIT, AFFECTING:SCENARIO_EXIT, AFFECTING:START_LEVEL
! -> CHOOSING_INVASTIGATE_THE_INTRUDER = TALK -> VLADIMIR_CUTSCENE*SARAH_SCENARIO_INQUIRY
TALKED -> VLADIMIR_CUTSCENE*SARAH_SCENARIO_INQUIRY = GOTO -> MEMORY:SCENARIO_INQUIRY, AFFECTING:SCENARIO_INQUIRY, AFFECTING:START_LEVEL
! -> START_LEVEL = GOTO -> PLAYER_AVOIDER_TYPE:AROUND, CUTSCENE:STOP


//// SADISTIC ////

$ -> PARSE_SADISTIC_HEADING_ENTRANCE = MEMORY -> SARAH_ANGRY_REALLY_HARD ? FACING:LEFT / SLOW:22-55
$ -> PARSE_SADISTIC_HEADING_MIKA = MEMORY -> SARAH_ANGRY_REALLY_HARD ? PLAYER_AVOIDER_TYPE:PUSH_RIGHT, AFFECTING:MIKA*MIKA_FACING_DOWN_WITH_DELAY, SCREWDRIVER / HEANDING_MIKA
$ -> SCREWDRIVER = WAITFOR_COMPLEXE_TIMER -> 1,3 ? 1*SOUND_IF_CAMERA:POUET, 2*MOVE:20-54
GOAL -> 20-54 = GOTO -> FACING:LEFT, POUET
$ -> POUET = WAITFOR_COMPLEXE_TIMER -> 1,3 ? 1*SOUND_IF_CAMERA:SCREWDRIVER, 2*MOVE:20-55
GOAL -> 20-55 = GOTO -> FACING:LEFT, SCREWDRIVER
PUSHED -> REBECCA = MEMORY -> SARAH_ANGRY_REALLY_HARD ? MOVE:STOP, PARSE_PUSHING_PLAYER / PUSHED_REBECCA
$ -> PARSE_PUSHING_PLAYER = PLAYER_CLOSER_THAN -> 5 ? CUTSCENE:START, FACING:RIGHT, AFFECTING:PUSHING_PLAYER_CUTSCENE / NULL
TALKED -> SARAH_ANGRY_SADISTIC*SARAH_PUSH_REBECCA = GOTO -> CUTSCENE:STOP, MEMORY:SARAH_PUSHED_REBECCA_ONCE, FACING:LEFT
TALKED -> SARAH_ANGRY_SADISTIC*SARAH_PUSH_REBECCA_TWICE = GOTO -> CUTSCENE:STOP, MEMORY:SARAH_PUSHED_REBECCA_TWICE, FACING:LEFT
! -> PUSH_REBECCA_OUT_DESK = GOTO -> PUSH_REBECCA_OUT_DESK
$ -> PUSH_REBECCA_OUT_DESK = GOTO -> WAITFOR_NULL, PLAYER_AVOIDER_TYPE:FORCE, MOVE:22-54
GOAL -> 22-54 = MOVE -> 25-54
GOAL -> 25-54 = WAITFOR -> TIMER:1 ? MOVE:23-54
GOAL -> 23-54 = GOTO -> CREATE_DESK_DOOR_HANDLER, CUTSCENE:STOP, MOVE:20-54
$ -> CREATE_DESK_DOOR_HANDLER = GOTO -> DELETE_DESK_DOOR, CREATE_DESK_PURPLE_DOOR, LOCK_DESK_DOOR_ANIMATION, SOUND:DOOR_UNLOCK
$ -> DELETE_DESK_DOOR = DELETE -> 24-54:WORLD,1
$ -> CREATE_DESK_PURPLE_DOOR = CREATE -> 24-54-FRONT:1-235-6
$ -> LOCK_DESK_DOOR_ANIMATION = CREATE -> 24-54-FRONT:1-128-2
TALKED -> SARAH_ANGRY_SADISTIC*ALICIA_REACTION_SARAH_PUSH_REBECCA = GOTO -> EXPRESSION:SUSPENSION, WAITFOR_PUSH_REBECCA_OUT_DESK
$ -> WAITFOR_PUSH_REBECCA_OUT_DESK = WAITFOR -> TIMER:2 ? PUSH_REBECCA_OUT_DESK


//// EXIT DOWN DESKS ////

! -> SCENARIO_EXIT = WAITFOR -> TIMER:1 ? PARSE_SADISTIC_HEADING_MIKA
$ -> HEANDING_MIKA = WAITFOR -> TIMER:2 ? SLOW:25-56
GOAL -> 25-56 = AFFECTING -> SARAH_MIKA_CONVERSATION
! -> SARAH_MIKA_CONVERSATION = GOTO -> FACING:RIGHT, ACTION_ONE:CUSTOM(LISTEN)LISTEN_SARAH_MIKA_CONVERSATION, WAITFOR_GOING_TO_DELTA_DESK
$ -> LISTEN_SARAH_MIKA_CONVERSATION = GOTO -> AFFECTING:SET-UP*ADD_COUNTER_TWO, TALK:SARAH_EXIT*MIKA_CONVERSATION
TALKED -> SARAH_EXIT*MIKA_CONVERSATION = GOTO -> ACTION_ONE:NULL
$ -> WAITFOR_GOING_TO_DELTA_DESK = WAITFOR -> TIMER:10 ? ACTION_ONE:NULL, AFFECTING:MIKA*MIKA_FACING_DOWN_WITH_DELAY, SLOW:32-44
$ -> TA_LISTEN_SARAH_DELTA_EXIT_CONVERSATION = TRIPLE_ACTION -> CUSTOM(LISTEN)LISTEN_SARAH_DELTA_EXIT_CONVERSATION
$ -> LISTEN_SARAH_DELTA_EXIT_CONVERSATION = GOTO -> AFFECTING:SET-UP*ADD_COUNTER_TWO, TALK:SARAH_EXIT*DELTA_EXIT_CONVERSATION
$ -> WAITFOR_WILL_EXIT_DELTA_EXIT_ROOM = WAITFOR -> TIMER:40 ? WILL_EXIT_DELTA_EXIT_ROOM
TALKED -> MARIE*INTRUDER_NEXT = MEMORY -> SARAH_NO_LONGER_WAITFOR_WILL_EXIT_DELTA_EXIT_ROOM ? NULL / PARSE_SARAH_WAITFOR_WILL_EXIT_DELTA_EXIT_ROOM
$ -> PARSE_SARAH_WAITFOR_WILL_EXIT_DELTA_EXIT_ROOM = MEMORY -> SARAH_WAITFOR_WILL_EXIT_DELTA_EXIT_ROOM ? WILL_EXIT_DELTA_EXIT_ROOM / PARSE_SARAH_REACHED_DELTA_ROOM_EXIT
$ -> PARSE_SARAH_REACHED_DELTA_ROOM_EXIT = MEMORY -> SARAH_REACHED_DELTA_ROOM_EXIT ? NULL / AFFECTING:MIKA*MIKA_FACING_DOWN_WITH_DELAY, MEMORY:SARAH_NO_LONGER_WAITFOR_WILL_EXIT_DELTA_EXIT_ROOM, WILL_EXIT_DELTA_EXIT_ROOM, TP:25-44
$ -> WILL_EXIT_DELTA_EXIT_ROOM = GOTO -> MEMORY:SARAH_NO_LONGER_WAITFOR_WILL_EXIT_DELTA_EXIT_ROOM, WAITFOR_NULL, TA_NULL, ENABLE_DELTA_AFTER_ASKING_KEY, PLAYER_AVOIDER_TYPE:CUTSCENE, SLOW:21-44, AFFECTING:DELTA*DELTA_LARGE_DETECTION_STATE
$ -> TAKE_JEAN_SHARE = GOTO -> SOUND_IF_CAMERA:JUMP, DELETE_JEAN_CHAIR, MEMORY:SARAH_TOOK_JEANS_CHAIR, DELETE_JEAN_CHAIR_PIRANHA, AFFECTING:OBJ-07*CLEAR_INTERACTIVENESS, WAITFOR_HEADING_DELTA_ROOM_WITH_CHAIR
$ -> DELETE_JEAN_CHAIR = DELETE -> 21-42:WORLD,1
$ -> DELETE_JEAN_CHAIR_PIRANHA = DELETE -> 21-43:WORLD,1
$ -> WAITFOR_HEADING_DELTA_ROOM_WITH_CHAIR = WAITFOR -> TIMER:1 ? MEMORY:JEAN_CHAIR_TAKEN, SLOW:32-44 
$ -> WAITFOR_DELTA_WILL_SIT = WAITFOR -> TIMER:1 ? AFFECTING:DELTA*DELTA_SIT, WAITFOR_SARAH_WILL_SIT
$ -> WAITFOR_SARAH_WILL_SIT = WAITFOR -> TIMER:1 ? SIT_ON_JEAN_CHAIR, TA_LISTEN_SARAH_DELTA_GAMMA_CONVERSATION, AFFECTING:DELTA*TA_LISTEN_SARAH_DELTA_GAMMA_CONVERSATION, ENABLE_DELTA_GAMMA_CONVERSATION, WAITFOR_PARSE_CAN_AHEAD_ALICIA_DESK
$ -> ENABLE_DELTA_GAMMA_CONVERSATION = ENABLE -> 31-43:2
$ -> CREATE_JEAN_CHAIR_AT_CAMILLE_DESK = CREATE_DECORATION -> 32-42-BACK:WORLD,1,2,CHAIR,4-11,2-1
$ -> PARSE_JEAN_PUSHED_PLAYER_IN_FRONT_OF_SARAH = MEMORY -> JEAN_PUSHED_PLAYER_IN_FRONT_OF_SARAH ? TALK:JEAN_PUSHED_SOMEONE*SARAH_ANGRY_AGAINST_JEAN / NULL
$ -> TA_LISTEN_SARAH_DELTA_GAMMA_CONVERSATION = TRIPLE_ACTION -> CUSTOM(LISTEN)LISTEN_SARAH_DELTA_GAMMA_CONVERSATION
$ -> LISTEN_SARAH_DELTA_GAMMA_CONVERSATION = GOTO -> AFFECTING:SET-UP*ADD_COUNTER_TWO, TALK:SARAH_EXIT*DELTA_GAMMA_CONVERSATION
TALKED -> SARAH_EXIT*DELTA_GAMMA_CONVERSATION = TRIPLE_ACTION -> CUSTOM(LISTEN)LISTEN_SARAH_DELTA_GAMMA_CONVERSATION_NEXT
$ -> LISTEN_SARAH_DELTA_GAMMA_CONVERSATION_NEXT = GOTO -> AFFECTING:SET-UP*ADD_COUNTER_TWO, TALK:SARAH_EXIT*DELTA_GAMMA_CONVERSATION_NEXT
TALKED -> SARAH_EXIT*DELTA_GAMMA_CONVERSATION_NEXT = TRIPLE_ACTION -> NULL
! -> A1_LISTEN_MARIE_SARAH_DELTA = TRIPLE_ACTION -> NULL
! -> GO_SEARCH_ALICIA_DESK_FROM_ALICIA_DESK = GOTO -> TA_NULL, AFFECTING:DELTA*DELTA_TA_NULL, UNSIT_OFF_JEAN_CHAIR, PLAYER_AVOIDER_TYPE:STOP, WAITFOR_TIMER_ONE:SLOW:30-44
GOAL -> 30-44 = GOTO -> MEMORY:SARAH_HEADING_ALICIA_DESK, SLOW:26-43, AFFECTING:DELTA*WAITFOR_GO_BACK_TO_WORK

WONPUZZLE -> 26-41 = MEMORY -> FIRST_CYAN_DOOR_IS_OPENED
$ -> WAITFOR_PARSE_CAN_AHEAD_ALICIA_DESK = WAITFOR -> TIMER:10 ? PARSE_CAN_AHEAD_ALICIA_DESK
$ -> PARSE_CAN_AHEAD_ALICIA_DESK = MEMORY -> FIRST_CYAN_DOOR_IS_OPENED ? PARSE_SARAH_CAN_AHEAD_ALICIA_DESK / WAITFOR_PARSE_CAN_AHEAD_ALICIA_DESK
$ -> PARSE_SARAH_CAN_AHEAD_ALICIA_DESK = MEMORY -> SARAH_CAN_AHEAD_ALICIA_DESK ? AFFECTING:SARAH*GO_SEARCH_ALICIA_DESK_FROM_ALICIA_DESK / WAITFOR_PARSE_CAN_AHEAD_ALICIA_DESK


//// EXIT ALICIA DESKS ////

GOAL -> 29-39 = WAITFOR -> TIMER:1 ? PLAYER_AVOIDER_TYPE:CUTSCENE, EXPRESSION:SUSPENSION, DISABLE_ONTHESPOT:1, TA_SEARCHING_ALICIA_DESK, WAITFOR_START_SEARCH_ALICIA_DESK, MEMORY:SARAH_WITHIN_ALICIA_DESK
$ -> WAITFOR_START_SEARCH_ALICIA_DESK = WAITFOR -> TIMER:3 ? ENABLE_ONTHESPOT:1, PARSE_SEE_PLAYER_WHILE_SEARCHING_ALICIA_DESK
$ -> WAITFOR_SEARCH_ALICIA_DESK = WAITFOR -> TIMER:7 ? PARSE_SEE_PLAYER_WHILE_SEARCHING_ALICIA_DESK
$ -> WAITFOR_SEARCH_ALICIA_DESK_VAR = WAITFOR -> TIMER:5 ? ENABLE_ONTHESPOT:1, PARSE_SEE_PLAYER_WHILE_SEARCHING_ALICIA_DESK
$ -> PARSE_SEE_PLAYER_WHILE_SEARCHING_ALICIA_DESK = SEE -> PLAYER ? PARSE_SEE_PLAYER_WHILE_SEARCHING_ALICIA_DESK_VERIFICATION / SEARCH_ALICIA_DESK
$ -> PARSE_SEE_PLAYER_WHILE_SEARCHING_ALICIA_DESK_VERIFICATION = MEMORY -> SARAH_WITHIN_ALICIA_DESK_FAR_ENTRANCE ? FACING:PLAYER, WAITFOR_TIMER_ONE:PARSE_SEE_PLAYER_WHILE_SEARCHING_ALICIA_DESK / SEARCH_ALICIA_DESK
$ -> SEARCH_ALICIA_DESK = RANDOM -> PERCENTAGE:50 ? SEARCH_ALICIA_DESK_ABCD / SEARCH_ALICIA_DESK_EFGH
$ -> SEARCH_ALICIA_DESK_ABCD = RANDOM -> PERCENTAGE:50 ? SEARCH_ALICIA_DESK_AB / SEARCH_ALICIA_DESK_CD
$ -> SEARCH_ALICIA_DESK_AB = RANDOM -> PERCENTAGE:50 ? SLOW:31-37 / SLOW:32-37
$ -> SEARCH_ALICIA_DESK_CD = RANDOM -> PERCENTAGE:50 ? SLOW:33-38 / SLOW:32-39
$ -> SEARCH_ALICIA_DESK_EFGH = RANDOM -> PERCENTAGE:50 ? SEARCH_ALICIA_DESK_EF / SEARCH_ALICIA_DESK_GH
$ -> SEARCH_ALICIA_DESK_EF = RANDOM -> PERCENTAGE:50 ? SLOW:31-39 / SLOW:31-38
$ -> SEARCH_ALICIA_DESK_GH = RANDOM -> PERCENTAGE:50 ? SLOW:30-39 / SLOW:30-37

GOAL -> 31-37 = GOTO -> SEARCH_ALICIA_RUBBLE, FACING:UP, MEMORY:SARAH_WITHIN_ALICIA_DESK_FAR_ENTRANCE, WAITFOR_SEARCH_ALICIA_DESK
GOAL -> 32-37 = GOTO -> SEARCH_ALICIA_CHAIR, FACING:RIGHT, MEMORY:SARAH_WITHIN_ALICIA_DESK_FAR_ENTRANCE, WAITFOR_SEARCH_ALICIA_DESK
GOAL -> 33-38 = GOTO -> SEARCH_ALICIA_COMPUTER, FACING:DOWN, MEMORY:SARAH_WITHIN_ALICIA_DESK_FAR_ENTRANCE, WAITFOR_SEARCH_ALICIA_DESK
GOAL -> 32-39 = GOTO -> SEARCH_ALICIA_COMPUTER, FACING:RIGHT, MEMORY:SARAH_WITHIN_ALICIA_DESK_FAR_ENTRANCE, WAITFOR_SEARCH_ALICIA_DESK
GOAL -> 31-39 = GOTO -> SEARCH_ALICIA_DESKTOP, FACING:DOWN, MEMORY:SARAH_WITHIN_ALICIA_DESK_FAR_ENTRANCE, WAITFOR_SEARCH_ALICIA_DESK
GOAL -> 31-38 = GOTO -> SEARCH_ALICIA_PAPERWORK, FACING:LEFT, MEMORY:SARAH_WITHIN_ALICIA_DESK_FAR_ENTRANCE, WAITFOR_SEARCH_ALICIA_DESK
GOAL -> 30-39 = GOTO -> SEARCH_ALICIA_PAPERWORK, FACING:UP, MEMORY:SARAH_WITHIN_ALICIA_DESK_FAR_ENTRANCE, WAITFOR_SEARCH_ALICIA_DESK
GOAL -> 30-37 = GOTO -> SEARCH_ALICIA_PAPERWORK, FACING:DOWN, MEMORY:SARAH_WITHIN_ALICIA_DESK_FAR_ENTRANCE, WAITFOR_SEARCH_ALICIA_DESK

$ -> TA_SEARCHING_ALICIA_DESK = TRIPLE_ACTION -> CUSTOM(TALK)TALK_SARAH_SEARCH_ALICIA_DESK
$ -> TALK_SARAH_SEARCH_ALICIA_DESK = MEMORY -> ALICIA_FOLLOW_PLAYER ? PARSE_ALICIA_ALREADY_REACT_TO_SARAH_SEARCHING_DESK / TALK:SARAH_EXIT*SEARCH_ALICIA_DESK
$ -> PARSE_ALICIA_ALREADY_REACT_TO_SARAH_SEARCHING_DESK = MEMORY -> ALICIA_ALREADY_REACT_TO_SARAH_SEARCHING_DESK ? TALK:SARAH_EXIT*SEARCH_ALICIA_DESK / AFFECTING:ALICIA*TP_TO_PLAYER, TALK:SARAH_EXIT*SEARCH_ALICIA_DESK
TALKED -> SARAH_EXIT*SEARCH_ALICIA_DESK = TRIPLE_ACTION -> CUSTOM(EXIT)TALK_SARAH_SEARCH_ALICIA_DESK_NEXT
$ -> TALK_SARAH_SEARCH_ALICIA_DESK_NEXT = MEMORY -> ALICIA_FOLLOW_PLAYER ? PARSE_ALICIA_ALREADY_REACT_TO_SARAH_SEARCHING_DESK_NEXT / TALK:SARAH_EXIT*SEARCH_ALICIA_DESK_NEXT
$ -> PARSE_ALICIA_ALREADY_REACT_TO_SARAH_SEARCHING_DESK_NEXT = MEMORY -> ALICIA_ALREADY_REACT_TO_SARAH_SEARCHING_DESK ? TALK:SARAH_EXIT*SEARCH_ALICIA_DESK_NEXT / AFFECTING:ALICIA*TP_TO_PLAYER, TALK:SARAH_EXIT*SEARCH_ALICIA_DESK_NEXT
TALKED -> SARAH_EXIT*SEARCH_ALICIA_DESK_NEXT = TRIPLE_ACTION -> CUSTOM(CHAT)TALK_SARAH_SEARCH_ALICIA_DESK_NEXT_NEXT
$ -> TALK_SARAH_SEARCH_ALICIA_DESK_NEXT_NEXT = MEMORY -> ALICIA_FOLLOW_PLAYER ? PARSE_ALICIA_ALREADY_REACT_TO_SARAH_SEARCHING_DESK_NEXT_NEXT / TALK:SARAH_EXIT*SEARCH_ALICIA_DESK_NEXT_NEXT
$ -> PARSE_ALICIA_ALREADY_REACT_TO_SARAH_SEARCHING_DESK_NEXT_NEXT = MEMORY -> ALICIA_ALREADY_REACT_TO_SARAH_SEARCHING_DESK ? TALK:SARAH_EXIT*SEARCH_ALICIA_DESK_NEXT_NEXT / AFFECTING:ALICIA*TP_TO_PLAYER, TALK:SARAH_EXIT*SEARCH_ALICIA_DESK_NEXT_NEXT
! -> COLLAPSE_NOTICING_CONDITIONNAL = MEMORY -> SARAH_WITHIN_ALICIA_DESK ? SARAH_NOTICE_COLLAPSE / NULL
! -> ALICIA_COLLAPSE_START = MEMORY -> SARAH_WITHIN_ALICIA_DESK ? SARAH_NOTICE_COLLAPSE, MEMORY:SARAH_COLLAPSE_FREAKS_OUT / NULL
$ -> SARAH_NOTICE_COLLAPSE = GOTO -> MOVE:STOP, DISABLE_ONTHESPOT:1, FACING:UP, EXPRESSION:EXCLAMATION, WAITFOR_SUSPENSION_POST_COLLAPSE
TALKED -> ALICIA_SAS*ALICIA_COLLAPSE_DESK = MEMORY -> SARAH_COLLAPSE_FREAKS_OUT ? TALK:ALICIA_SAS*SARAH_COLLAPSE_FREAKS_OUT / NULL
TALKED -> ALICIA_SAS*ALICIA_COLLAPSE_DESK_NEXT = MEMORY -> SARAH_COLLAPSE_FREAKS_OUT ? WAITFOR_SEARCH_ALICIA_DESK_VAR / NULL
$ -> WAITFOR_SUSPENSION_POST_COLLAPSE = WAITFOR -> TIMER:8 ? EXPRESSION:SUSPENSION, WAITFOR_SEARCH_ALICIA_DESK_VAR
WONPUZZLE -> 31-36 = MEMORY -> SARAH_WITHIN_ALICIA_DESK ? CUTSCENE:START, MOVE:STOP, EXPRESSION:EXCLAMATION, FACING:PLAYER, WAITFOR_TALK_SARAH_EXPLOSION / NULL
$ -> WAITFOR_TALK_SARAH_EXPLOSION = WAITFOR -> TIMER:2 ? TALK:SARAH_EXIT*ALICIA_DESK_EXPLOSION
TALKED -> SARAH_EXIT*ALICIA_DESK_EXPLOSION = GOTO -> CUTSCENE:STOP, WAITFOR_SEARCH_ALICIA_DESK_VAR


//// INQUIRY DOWN DESKS ////

! -> SCENARIO_INQUIRY = WAITFOR -> TIMER:2 ? SLOW:26-44
GOAL -> 26-44 = MEMORY -> SARAH_HAS_CYAN_KEY ? FACING:UP, BLOCKING_SIGHT:FALSE, PARSE_SARAH_WILL_NOTICE_DOOR_IS_OPENED / BLOCKING_SIGHT:FALSE, WAITFOR_PARSE_JEAN_STUNNED
$ -> PARSE_SARAH_WILL_NOTICE_DOOR_IS_OPENED = MEMORY -> SARAH_WILL_NOTICE_DOOR_IS_OPENED ? PLAYER_AVOIDER_TYPE:AROUND, EXPRESSION:SUSPENSION, WAITFOR_START_SEARCHING_PLAYER_WHICH_OPENED_DOOR / SLOW:26-42
$ -> PARSE_SARAH_SEE_PLAYER_WHICH_OPENED_DOOR = SEE -> PLAYER ? SARAH_SEE_PLAYER_WHICH_OPENED_DOOR_SECOND_VERIFICATION / NULL
$ -> WAITFOR_START_SEARCHING_PLAYER_WHICH_OPENED_DOOR = WAITFOR -> TIMER:1 ? WAITFOR_FACING_LEFT_OPENED_CYAN_DOOR, PARSE_SARAH_SEE_PLAYER_WHICH_OPENED_DOOR
$ -> SARAH_SEE_PLAYER_WHICH_OPENED_DOOR_SECOND_VERIFICATION = PLAYER_CLOSER_THAN -> 6 ? CUTSCENE:START, EXPRESSION:EXCLAMATION, FACING:REBECCA, MOVE:STOP, WAITFOR_TIMER_ONE:TALK:SARAH_INQUIRY*REBECCA_OPENED_CYAN_DOOR / NULL
$ -> WAITFOR_FACING_LEFT_OPENED_CYAN_DOOR = WAITFOR -> TIMER:1 ? FACING:LEFT, WAITFOR_FACING_RIGHT_OPENED_CYAN_DOOR, PARSE_SARAH_SEE_PLAYER_WHICH_OPENED_DOOR
$ -> WAITFOR_FACING_RIGHT_OPENED_CYAN_DOOR = WAITFOR -> TIMER:1 ? FACING:RIGHT, WAITFOR_FACING_DOWN_OPENED_CYAN_DOOR, PARSE_SARAH_SEE_PLAYER_WHICH_OPENED_DOOR
$ -> WAITFOR_FACING_DOWN_OPENED_CYAN_DOOR = WAITFOR -> TIMER:1 ? FACING:DOWN, WAITFOR_FACING_UP_OPENED_CYAN_DOOR, PARSE_SARAH_SEE_PLAYER_WHICH_OPENED_DOOR
$ -> WAITFOR_FACING_UP_OPENED_CYAN_DOOR = WAITFOR -> TIMER:1 ? FACING:UP, WAITFOR_SUSPENSION_OPENED_CYAN_DOOR, PARSE_SARAH_SEE_PLAYER_WHICH_OPENED_DOOR
$ -> WAITFOR_SUSPENSION_OPENED_CYAN_DOOR = WAITFOR -> TIMER:1 ? EXPRESSION:SUSPENSION, WAITFOR_HEADING_CYAN_DOOR, PARSE_SARAH_SEE_PLAYER_WHICH_OPENED_DOOR
$ -> WAITFOR_HEADING_CYAN_DOOR = WAITFOR -> TIMER:2 ? PLAYER_AVOIDER_TYPE:STOP, SLOW:26-39, PARSE_SARAH_SEE_PLAYER_WHICH_OPENED_DOOR
TALKED -> SARAH_INQUIRY*REBECCA_OPENED_CYAN_DOOR = GOTO -> CUTSCENE:STOP, PLAYER_AVOIDER_TYPE:STOP, SLOW:26-39
$ -> WAITFOR_PARSE_JEAN_STUNNED = WAITFOR -> TIMER:2 ? PLAYER_AVOIDER_TYPE:CUTSCENE, PARSE_JEAN_STUNNED 
$ -> PARSE_JEAN_STUNNED = STUNNED -> JEAN ? PLAYER_AVOIDER_TYPE:STOP, SLOW:29-44 / FACING:LEFT, MEMORY:SARAH_ASKING_JEAN_ABOUT_KEYS, WAITFOR_SARAH_STOP_WAITING_FOR_ASKING_JEAN_ABOUT_KEYS
$ -> WAITFOR_SARAH_STOP_WAITING_FOR_ASKING_JEAN_ABOUT_KEYS = WAITFOR -> TIMER:3 ? MEMORY:SARAH_STOP_WAITING_FOR_ASKING_JEAN_ABOUT_KEYS, PLAYER_AVOIDER_TYPE:STOP, SLOW:29-44
GOAL -> 29-44 = GOTO -> MEMORY:SARAH_CANT_KNOW_CYAN_DOOR_IS_OPENED, SLOW:31-44
! -> SARAH_WILL_ENTER_JEAN_ROOM = GOTO -> ACTION_ONE:NULL, WAITFOR_SARAH_WILL_ENTER_JEAN_ROOM
$ -> WAITFOR_SARAH_WILL_ENTER_JEAN_ROOM = WAITFOR -> TIMER:1 ? ACTION_ONE:NULL, PLAYER_AVOIDER_TYPE:FORCE, SLOW:24-44
GOAL -> 24-44 = GOTO -> PLAYER_AVOIDER_TYPE:STOP, BLOCKING_SIGHT:TRUE, CREATE_DESK_KEY_ROOM_PATH_CHECKER, AFFECTING:OBJ-08*INIT_DESK_KEY_ROOM_PATH_CHECKER, PARSE_SARAH_SEE_PLAYER_WHILE_SEARCHING_CYAN_KEY
$ -> CREATE_DESK_KEY_ROOM_PATH_CHECKER = CREATE -> 17-44-BACK:08-255-255
$ -> PARSE_SARAH_SEE_PLAYER_WHILE_SEARCHING_CYAN_KEY = MEMORY -> SARAH_SEE_PLAYER_WHILE_SEARCHING_CYAN_KEY ? AFFECTING:SARAH_CYAN_KEY_DESK_CUTSCENE / SLOW:23-44
GOAL -> 23-44 = GOTO -> MEMORY:SARAH_CANT_KNOW_CYAN_DOOR_IS_OPENED, SLOW:21-44
GOAL -> 21-44 = GOTO -> FACING:UP, WAITING_BEFORE_JEAN_ROOM_PARSE_SCENARIO
$ -> WAITING_BEFORE_JEAN_ROOM_PARSE_SCENARIO = WAITFOR -> TIMER:2 ? JEAN_ROOM_PARSE_SCENARIO
$ -> JEAN_ROOM_PARSE_SCENARIO = MEMORY -> SCENARIO_EXIT ? TAKE_JEAN_SHARE / HEADING_COMPUTER
$ -> HEADING_COMPUTER = GOTO -> FACING:LEFT, CREATE_DESK_KEY_ROOM_PATH_CHECKER, AFFECTING:OBJ-08*INIT_DESK_KEY_ROOM_PATH_COMPUTER_CHECKER
! -> SARAH_WILL_GO_TO_COMPUTER_TO_TAKE_CYAN_KEY = GOTO -> FACING:DOWN, SLOW:20-42
GOAL -> 20-42 = GOTO -> FACING:RIGHT, WAITFOR_WILL_EXIT_JEAN_ROOM 
$ -> WAITFOR_WILL_EXIT_JEAN_ROOM = WAITFOR -> TIMER:3 ? MEMORY:SARAH_HAS_CYAN_KEY, SLOW:26-44

! -> A1_LISTEN_SARAH_JEAN_CONVERSATION = GOTO -> WAITFOR_NULL, A1_LISTEN_SARAH_JEAN_CONVERSATION
$ -> A1_LISTEN_SARAH_JEAN_CONVERSATION = ACTION_ONE -> CUSTOM(LISTEN)LISTEN_SARAH_JEAN_CONVERSATION
$ -> LISTEN_SARAH_JEAN_CONVERSATION = GOTO -> AFFECTING:SET-UP*ADD_COUNTER_TWO, TALK:SARAH_INQUIRY*JEAN_CONVERSATION
TALKED -> SARAH_INQUIRY*JEAN_CONVERSATION = ACTION_ONE -> NULL

GOAL -> 31-44 = GOTO -> PLAYER_AVOIDER_TYPE:FORCE, SLOW:32-44
GOAL -> 32-44 = GOTO -> FACING:UP, DISABLE_DELTA_WILL_ASKING_KEYS, DELTA_NOTICE_SARAH_PRESENCE, PARSE_DELTA_SCENARIO, MEMORY:SARAH_REACHED_DELTA_ROOM_EXIT
$ -> PARSE_DELTA_SCENARIO = MEMORY -> SCENARIO_EXIT ? PARSE_JEAN_CHAIR_TAKEN / WAITFOR_WILL_EXIT_DELTA_KEY_ROOM, TA_LISTEN_SARAH_DELTA_KEY_CONVERSATION
$ -> PARSE_JEAN_CHAIR_TAKEN = MEMORY -> JEAN_CHAIR_TAKEN ? WAITFOR_DELTA_WILL_SIT / MEMORY:SARAH_WAITFOR_WILL_EXIT_DELTA_EXIT_ROOM, WAITFOR_WILL_EXIT_DELTA_EXIT_ROOM, TA_LISTEN_SARAH_DELTA_EXIT_CONVERSATION
$ -> DELTA_NOTICE_SARAH_PRESENCE = GOTO -> AFFECTING:DELTA*DELTA_NORMAL_STATE, AFFECTING:DELTA*DELTA_WAITFOR_NULL, AFFECTING:DELTA*DELTA_FACING_DOWN
$ -> TA_LISTEN_SARAH_DELTA_KEY_CONVERSATION = TRIPLE_ACTION -> CUSTOM(LISTEN)LISTEN_SARAH_DELTA_KEY_CONVERSATION
$ -> LISTEN_SARAH_DELTA_KEY_CONVERSATION = GOTO -> AFFECTING:SET-UP*ADD_COUNTER_TWO, TALK:SARAH_INQUIRY*DELTA_KEY_CONVERSATION
$ -> WAITFOR_WILL_EXIT_DELTA_KEY_ROOM = WAITFOR -> TIMER:4 ? TA_NULL, ENABLE_DELTA_AFTER_ASKING_KEY, PLAYER_AVOIDER_TYPE:CUTSCENE, MEMORY:SARAH_HAS_CYAN_KEY, SLOW:26-44, AFFECTING:DELTA_LARGE_DETECTION_STATE
$ -> DISABLE_DELTA_WILL_ASKING_KEYS = DISABLE -> 32-43:2
$ -> ENABLE_DELTA_AFTER_ASKING_KEY = ENABLE -> 32-43:2
GOAL -> 26-42 = GOTO -> PLAYER_AVOIDER_TYPE:AROUND, FACING:UP, WAITFOR_OPENING_FIRST_CYAN_DOOR

! -> ALICIA_MAYBE_HURTED = MEMORY -> ALICIA_ENCOUNTERED ? NULL / PARSE_ALICIA_MAYBE_HURTED_SARAH_ASKED
! -> A3_ALICIA_NO_HELP = ACTION_THREE -> NULL
$ -> PARSE_ALICIA_MAYBE_HURTED_SARAH_ASKED = MEMORY -> ALICIA_MAYBE_HURTED_SARAH_ASKED ? ACTION_THREE:NULL / A3_ALICIA
$ -> A3_ALICIA = ACTION_THREE -> TALK(ALICIA)WHERE_IS_ALICIA*SARAH
! -> DELTA_SEARCHING_ALICIA_WITH_PLAYER = GOTO -> MEMORY:ALICIA_MAYBE_HURTED_SARAH_ASKED, ACTION_THREE:NULL
! -> MIKA_ASKED_FOR_HELP_SCOLDING = ACTION_THREE -> NULL
TALKED -> WHERE_IS_ALICIA*SARAH = GOTO -> MEMORY:ALICIA_MAYBE_HURTED_SARAH_ASKED, PARSE_SARAH_ACTIVELY_ASKING_JEAN_ABOUT_KEYS
$ -> PARSE_SARAH_ACTIVELY_ASKING_JEAN_ABOUT_KEYS = MEMORY -> SARAH_ACTIVELY_ASKING_JEAN_ABOUT_KEYS ? PARSE_SARAH_ASKED_JEAN_ABOUT_KEYS_ALICIA / NULL
$ -> PARSE_SARAH_ASKED_JEAN_ABOUT_KEYS_ALICIA = MEMORY -> SARAH_ASKED_JEAN_ABOUT_KEYS ? NULL / PARSE_ALICIA_MAYBE_HURTED_JEAN_ASKED
$ -> PARSE_ALICIA_MAYBE_HURTED_JEAN_ASKED = MEMORY -> ALICIA_MAYBE_HURTED_JEAN_ASKED ? NULL / TALK:WHERE_IS_ALICIA*JEAN_VAR
TALKED -> WHERE_IS_ALICIA*SARAH_VAR = GOTO -> MEMORY:ALICIA_MAYBE_HURTED_SARAH_ASKED, ACTION_THREE:NULL
! -> THEFT = ACTION_TWO -> TALK(THEFT)SARAH_INQUIRY*THEFT

! -> SARAH_CYAN_KEY_DESK_CUTSCENE = GOTO -> CUTSCENE:START, EXPRESSION:EXCLAMATION, WAIFTOR_ASKING_REBECCAS_HELP_TO_FIND_KEYS
$ -> WAIFTOR_ASKING_REBECCAS_HELP_TO_FIND_KEYS = WAITFOR -> TIMER:2 ? PARSE_ALICIA_MAYBE_HURTED
$ -> PARSE_ALICIA_MAYBE_HURTED = MEMORY -> ALICIA_MAYBE_HURTED ? PARSE_ALICIA_MAYBE_HURTED_SARAH_ASKED_KEYS / TALK:SARAH_INQUIRY*REBECCA_HELP_FOR_KEYS
$ -> PARSE_ALICIA_MAYBE_HURTED_SARAH_ASKED_KEYS = MEMORY -> ALICIA_MAYBE_HURTED_SARAH_ASKED ? TALK:SARAH_INQUIRY*REBECCA_HELP_FOR_KEYS / TALK:SARAH_INQUIRY*REBECCA_HELP_FOR_KEYS_ALICIA
TALKED -> SARAH_INQUIRY*REBECCA_NO_KEYS = GOTO -> PLAYER_AVOIDER_TYPE:STOP, SLOW:31-44
TALKED -> SARAH_INQUIRY*REBECCA_GIVING_KEYS = SLOW -> 26-42
TALKED -> SARAH_INQUIRY*REBECCA_HELP_FOR_KEYS_ALICIA = GOTO -> MEMORY:ALICIA_MAYBE_HURTED_SARAH_ASKED, ACTION_THREE:NULL


//// INQUIRY FIRST CYAN DOOR ////

$ -> WAITFOR_OPENING_FIRST_CYAN_DOOR = WAITFOR -> TIMER:4 ? OPENING_FIRST_CYAN_DOOR, WAITFOR_SIDE_STEP_FROM_FIRST_CYAN_DOOR_CONDITIONNAL
$ -> OPENING_FIRST_CYAN_DOOR = GOTO -> SOUND:DOOR_UNLOCK, CREATE_FIRST_NULL_DOOR, DELETE_FIRST_CYAN_DOOR, UNLOCK_FIRST_CYAN_DOOR_ANIMATION, AFFECTING:SARAH_OPENED_FIRST_CYAN_DOOR, MEMORY:SARAH_UNLOCKED_FIRST_CYAN_DOOR
$ -> CREATE_FIRST_NULL_DOOR = CREATE -> 26-41-FRONT:1-235-0
$ -> DELETE_FIRST_CYAN_DOOR = DELETE -> 26-41:WORLD,1
$ -> UNLOCK_FIRST_CYAN_DOOR_ANIMATION = CREATE -> 26-41-FRONT:1-128-1
$ -> WAITFOR_SIDE_STEP_FROM_FIRST_CYAN_DOOR_CONDITIONNAL = MEMORY -> SARAH_ASKED_JEAN_ABOUT_KEYS ? WAITFOR_TIMER_ONE:SIDE_STEP_FROM_FIRST_CYAN_DOOR / NULL
$ -> SIDE_STEP_FROM_FIRST_CYAN_DOOR = MEMORY -> JEAN_WAITING_FUTHER_SARAH_TO_OPEN ? BACKUP_FIRST_CYAN_DOOR_B / BACKUP_FIRST_CYAN_DOOR_A
$ -> BACKUP_FIRST_CYAN_DOOR_A = SLOW_BACKUP -> 27-42, 26-43
$ -> BACKUP_FIRST_CYAN_DOOR_B = SLOW_BACKUP -> 27-42, 25-42
! -> CREATE_BONUSTEXT_CYAN_KEY_SARAH = CREATE_BONUSTEXT -> ONTHESPOT,NORMAL,CYAN_KEY
GOAL -> 27-42 = GOTO -> FACING:LEFT, MEMORY:JEAN_PUSH_DOWN
GOAL -> 26-43 = MEMORY -> SARAH_HEADING_ALICIA_DESK ? SLOW:29-39 / FACING:UP
GOAL -> 25-42 = GOTO -> FACING:RIGHT, MEMORY:JEAN_PUSH_RIGHT
! -> JEAN_REACHED_MIDDLE_OF_CORRIDOR = MEMORY -> SCENARIO_INQUIRY ? PARSE_JEAN_PUSHED_SARAH / MEMORY:ALICIA_MAYBE_HURTED_SARAH_ASKED, PARSE_JEAN_PUSHED_PLAYER_IN_FRONT_OF_SARAH
$ -> PARSE_JEAN_PUSHED_SARAH = MEMORY -> JEAN_PUSHED_SARAH ? TA_NULL, SARAH_ANGRY_AGAINST_JEAN_CONDITIONNAL / SARAH_ANGRY_AGAINST_JEAN_FOR_ANOTHER_REASON_CONDITIONNAL
$ -> SARAH_ANGRY_AGAINST_JEAN_FOR_ANOTHER_REASON_CONDITIONNAL = MEMORY -> JEAN_PUSHED_PLAYER_IN_FRONT_OF_SARAH ? TALK:JEAN_PUSHED_SOMEONE*SARAH_ANGRY_AGAINST_JEAN / PARSE_SARAH_CANT_KNOW_CYAN_DOOR_IS_OPENED
$ -> PARSE_SARAH_CANT_KNOW_CYAN_DOOR_IS_OPENED = MEMORY -> SARAH_CANT_KNOW_CYAN_DOOR_IS_OPENED ? PARSE_SARAH_UNLOCKED_FIRST_CYAN_DOOR / PLAYER_AVOIDER_TYPE:STOP, SLOW:26-39
$ -> PARSE_SARAH_UNLOCKED_FIRST_CYAN_DOOR = MEMORY -> SARAH_UNLOCKED_FIRST_CYAN_DOOR ? PLAYER_AVOIDER_TYPE:STOP, SLOW:26-39 / MEMORY:SARAH_WILL_NOTICE_DOOR_IS_OPENED
$ -> SARAH_ANGRY_AGAINST_JEAN_CONDITIONNAL = PLAYER_CLOSER_THAN -> 7 ? TALK:JEAN_PUSHED_SOMEONE*SARAH_ANGRY_AGAINST_JEAN / MEMORY:SARAH_ANGRY_AGAINST_JEAN, PLAYER_AVOIDER_TYPE:AROUND, MOVE:26-39

$ -> PUSHED_REBECCA = MEMORY -> JEAN_MAY_PUSH_PLAYER_IN_FRONT_OF_SARAH ? PARSE_STOPPING_JEAN_MAY_PUSH_PLAYER_IN_FRONT_OF_SARAH / CHECK_SARAH_SEEING_JEAN_PUSHING_REBECCA
$ -> PARSE_STOPPING_JEAN_MAY_PUSH_PLAYER_IN_FRONT_OF_SARAH = MEMORY -> STOPPING_JEAN_MAY_PUSH_PLAYER_IN_FRONT_OF_SARAH ? CHECK_SARAH_SEEING_JEAN_PUSHING_REBECCA / MEMORY:JEAN_PUSHED_PLAYER_IN_FRONT_OF_SARAH
$ -> CHECK_SARAH_SEEING_JEAN_PUSHING_REBECCA = SEE -> JEAN ? CHECK_SARAH_SEEING_JEAN_PUSHING_REBECCA_SECOND_VERIFICATION / NULL
$ -> CHECK_SARAH_SEEING_JEAN_PUSHING_REBECCA_SECOND_VERIFICATION = PLAYER_CLOSER_THAN -> 6 ? MEMORY:JEAN_PUSHED_PLAYER_IN_FRONT_OF_SARAH, MOVE:STOP, FACING:JEAN, WAITFOR_NULL, ACTION_ONE:NULL, DISABLE_ONTHESPOT:2 / NULL
TALKED -> JEAN_PUSHED_SOMEONE*SARAH_ANGRY_AGAINST_JEAN = GOTO -> PLAYER_AVOIDER_TYPE:AROUND, MOVE:26-39, MEMORY:SARAH_ANGRY_AGAINST_JEAN
GOAL -> 26-39 = GOTO -> MEMORY:SARAH_REACHED_CORRIDOR, PARSE_SARAH_ANGRY_AGAINST_JEAN
$ -> PARSE_SARAH_ANGRY_AGAINST_JEAN = MEMORY -> SARAH_ANGRY_AGAINST_JEAN ? MOVE:20-39 / SLOW:16-35


//// SCOLDING JEAN ////

GOAL -> 20-39 = WAITFOR -> MOVE:16-30 ? MOVE:19-25
GOAL -> 19-25 = GOTO -> MEMORY:SARAH_IS_WAITING_FOR_JEAN_TO_FINISH_FOR_SCOLDING_HIM, FACING:UP
! -> JEAN_EXITED_TOILET = MEMORY -> SARAH_IS_WAITING_FOR_JEAN_TO_FINISH_FOR_SCOLDING_HIM ? SCOLDING_JEAN / WAITFOR_TIMER_ONE:AFFECTING:SARAH*JEAN_EXITED_TOILET
$ -> SCOLDING_JEAN = GOTO -> WAITFOR_NULL, SCOLDING_CUTSCENE_CONDITIONNAL
$ -> SCOLDING_CUTSCENE_CONDITIONNAL = PLAYER_CLOSER_THAN -> 6 ? SCOLDING_CUTSCENE / SCOLDING_FROM_FAR
$ -> SCOLDING_FROM_FAR = TALK -> JEAN_PUSHED_SOMEONE*SARAH_JEAN_SCOLDING_FROM_FAR
$ -> SCOLDING_CUTSCENE = GOTO -> CUTSCENE:START, WAITFOR_TIMER_ONE:BATHROOM_PARSE_JEAN_PUSHED_PLAYER_IN_FRONT_OF_SARAH
$ -> BATHROOM_PARSE_JEAN_PUSHED_PLAYER_IN_FRONT_OF_SARAH = MEMORY -> JEAN_PUSHED_PLAYER_IN_FRONT_OF_SARAH ? TALK:JEAN_PUSHED_SOMEONE*SARAH_JEAN_SCOLDING / TALK:JEAN_PUSHED_SOMEONE*SARAH_JEAN_SCOLDING_VAR
TALKED -> JEAN_PUSHED_SOMEONE*SARAH_JEAN_SCOLDING = GOTO -> CUTSCENE:STOP, WAITFOR_HEADING_ALICIA_DESK_FROM_BATHROOM
TALKED -> JEAN_PUSHED_SOMEONE*SARAH_JEAN_SCOLDING_VAR = GOTO -> CUTSCENE:STOP, WAITFOR_HEADING_ALICIA_DESK_FROM_BATHROOM
TALKED -> JEAN_PUSHED_SOMEONE*SARAH_JEAN_SCOLDING_FROM_FAR = GOTO -> WAITFOR_HEADING_ALICIA_DESK_FROM_BATHROOM
$ -> WAITFOR_HEADING_ALICIA_DESK_FROM_BATHROOM = WAITFOR -> TIMER:13 ? PLAYER_AVOIDER_TYPE:AROUND_OMNISCIENT, HEADING_ALICIA_DESK_FROM_BATHROOM_CONDITIONNAL
$ -> HEADING_ALICIA_DESK_FROM_BATHROOM_CONDITIONNAL = MEMORY -> SCENARIO_EXIT ? SLOW:16-35 / ENABLE_ONTHESPOT:2, SLOW:16-31


//// INQUIRY LEFT AREA ////

GOAL -> 16-31 = GOTO -> SARAH_WATCHING_PLAYER
GOAL -> 16-35 = MEMORY -> SCENARIO_EXIT ? PLAYER_AVOIDER_TYPE:STOP, SLOW:29-39 / SARAH_WATCHING_PLAYER
$ ->  SARAH_WATCHING_PLAYER = GOTO -> BLOCKING_PATH:FALSE, LARGE_HITBOX, WAITFOR_PLAYER_FAR_ENOUGH_TO_TALK_TO_JOSPEH
$ ->  SARAH_NORMAL_BEHAVIOR = GOTO -> NORMAL_HITBOX, BLOCKING_PATH:TRUE, PLAYER_AVOIDER_TYPE:CUTSCENE, WAITFOR_PLAYER_FAR_ENOUGH_TO_TALK_TO_JOSPEH
$ -> WAITFOR_PLAYER_FAR_ENOUGH_TO_TALK_TO_JOSPEH = WAITFOR -> PLAYER_FUTHER_THAN:3 ? SARAH_NORMAL_BEHAVIOR, SLOW:JOSEPH, WAITFOR_TIMER_ONE:AFFECTING:SARAH_ASKING_FOR_THE_KEYS_TO_JOSEPH
! -> SARAH_ASKING_FOR_THE_KEYS_TO_JOSEPH = MEMORY -> JOSPEH_WILL_SIT_CRY ? SARAH_REALIZING_SHE_DOENST_WANT_TO_DEAL_WITH_JOSEPH / FACING:JOSEPH, A1_LISTEN_SARAH_JOSEPH_CONVERSATION, MEMORY:JOSEPH_GAVE_GREEN_KEY_TO_SARAH, WAITFOR_STOP_TALKING_WITH_JOSPEH
$ -> SARAH_REALIZING_SHE_DOENST_WANT_TO_DEAL_WITH_JOSEPH  = GOTO -> MOVE:STOP, FACING:LEFT, EXPRESSION:SUSPENSION, WAITFOR_SARAH_HEADING_STOCK
$ -> A1_LISTEN_SARAH_JOSEPH_CONVERSATION = ACTION_ONE -> CUSTOM(LISTEN)LISTEN_SARAH_JOSEPH_CONVERSATION
$ -> LISTEN_SARAH_JOSEPH_CONVERSATION = GOTO -> AFFECTING:SET-UP*ADD_COUNTER_TWO, TALK:SARAH_INQUIRY*JOSEPH_CONVERSATION
TALKED -> SARAH_INQUIRY*JOSEPH_CONVERSATION = ACTION_ONE -> NULL
$ -> WAITFOR_STOP_TALKING_WITH_JOSPEH = WAITFOR -> TIMER:6 ? ACTION_ONE:NULL, PLAYER_AVOIDER_TYPE:STOP, MEMORY:SARAH_NO_LONGER_SYNC_PREVENT_MARIE_FROM_LEAVING_COUCH, MEMORY:SARAH_NO_LONGER_SYNC_PREVENT_MARIE_FROM_LEAVING_TOILET, SLOW:23-38, AFFECTING:JOSEPH*SARAH_STOPPED_TALKING_WITH_JOSPEH
$ -> WAITFOR_SARAH_HEADING_STOCK = WAITFOR -> TIMER:3 ? PLAYER_AVOIDER_TYPE:AROUND_OMNISCIENT, SLOW:15-39


//// INQUIRY STOCK ////

GOAL -> 15-39 = GOTO -> PLAYER_AVOIDER_TYPE:CUTSCENE, FACING:LEFT, MEMORY:SARAH_NO_LONGER_SYNC_PREVENT_MARIE_FROM_LEAVING_COUCH, PARSE_STOCK_ROOM_OPENED
$ -> PARSE_STOCK_ROOM_OPENED = MEMORY -> STOCK_ROOM_OPENED ? SLOW:12-38 / WAITFOR_OPENING_STOCK_ROOM
$ -> WAITFOR_OPENING_STOCK_ROOM = WAITFOR -> TIMER:2 ? OPENING_STOCK_ROOM, WAITFOR_TIMER_ONE:SLOW:12-38
$ -> OPENING_STOCK_ROOM = GOTO -> SOUND_IF_CAMERA:DOOR_UNLOCK, CREATE_STOCK_ROOM_NULL_DOOR, DELETE_STOCK_ROOM_CYAN_DOOR, UNLOCK_STOCK_ROOM_DOOR_ANIMATION, MEMORY:STOCK_ROOM_OPENED
$ -> CREATE_STOCK_ROOM_NULL_DOOR = CREATE -> 14-39-FRONT:1-235-0
$ -> DELETE_STOCK_ROOM_CYAN_DOOR = DELETE -> 14-39:WORLD,1
$ -> UNLOCK_STOCK_ROOM_DOOR_ANIMATION = CREATE -> 14-39-FRONT:1-128-1
GOAL -> 12-38 = WAITFOR -> TIMER:4 ? SLOW:16-39
GOAL -> 16-39 = GOTO -> PLAYER_AVOIDER_TYPE:STOP, MEMORY:SARAH_NO_LONGER_SYNC_PREVENT_MARIE_FROM_LEAVING_TOILET, SLOW:26-56
GOAL -> 26-56 = GOTO -> PLAYER_AVOIDER_TYPE:CUTSCENE, A1_LISTEN_SARAH_MIKA_BOMB_CONVERSATION, AFFECTING:MIKA*SARAH_MIKA_BOMB_CONVERSATION, WAITFOR_STOP_TALKING_WITH_BOMB_MIKA
$ -> A1_LISTEN_SARAH_MIKA_BOMB_CONVERSATION = ACTION_ONE -> CUSTOM(LISTEN)LISTEN_SARAH_MIKA_BOMB_CONVERSATION
$ -> LISTEN_SARAH_MIKA_BOMB_CONVERSATION = GOTO -> AFFECTING:SET-UP*ADD_COUNTER_TWO, TALK:SARAH_INQUIRY*MIKA_BOMB_CONVERSATION
TALKED -> SARAH_INQUIRY*MIKA_BOMB_CONVERSATION = ACTION_ONE -> NULL
$ -> WAITFOR_STOP_TALKING_WITH_BOMB_MIKA = WAITFOR -> TIMER:6 ? ACTION_ONE:NULL, TAKING_DISCTANCE_FROM_MIKA_EXPLODING_DOOR, AFFECTING:MIKA*SARAH_STOPPED_TALKING_WITH_MIKA_BOMB
$ -> TAKING_DISCTANCE_FROM_MIKA_EXPLODING_DOOR = SLOW_BACKUP -> 27-55, 25-55
GOAL -> 25-55 = FACING -> DOWN
GOAL -> 27-55 = FACING -> DOWN
! -> SARAH_MIKA_POST_BOMB_CONVERSATION = GOTO -> FACING:MIKA, A1_LISTEN_SARAH_MIKA_POST_BOMB_CONVERSATION
$ -> A1_LISTEN_SARAH_MIKA_POST_BOMB_CONVERSATION = ACTION_ONE -> CUSTOM(LISTEN)LISTEN_SARAH_MIKA_POST_BOMB_CONVERSATION
$ -> LISTEN_SARAH_MIKA_POST_BOMB_CONVERSATION = GOTO -> AFFECTING:SET-UP*ADD_COUNTER_TWO, TALK:SARAH_INQUIRY*MIKA_POST_BOMB_CONVERSATION
TALKED -> SARAH_INQUIRY*MIKA_POST_BOMB_CONVERSATION = ACTION_ONE -> NULL
! -> PLAYER_IS_ENTRANCE_LEAVING = GOTO -> TA_NULL, FACING:DOWN, EXPRESSION:EXCLAMATION, WAITFOR_TIMER_ONE:TALK_SARAH_INQUIRY_SARAH_NOTICE_REBECCA_IS_LEAVING_CONDITIONNAL
$ -> TALK_SARAH_INQUIRY_SARAH_NOTICE_REBECCA_IS_LEAVING_CONDITIONNAL = MEMORY -> SARAH_ALREADY_NOTICED_PLAYER_IS_LEAVING_BY_ENTRANCE ? TALK:SARAH_INQUIRY*SARAH_NOTICE_REBECCA_IS_LEAVING_VAR / TALK:SARAH_INQUIRY*SARAH_NOTICE_REBECCA_IS_LEAVING
SELFTALKING -> SARAH_INQUIRY*SARAH_NOTICE_REBECCA_IS_LEAVING = MEMORY -> SARAH_OPENED_PARKING_ENTRANCE ? FACING:DOWN / ENTRANCE_IS_COLLAPSING_AGAIN
SELFTALKING -> SARAH_INQUIRY*SARAH_NOTICE_REBECCA_IS_LEAVING_VAR = GOTO -> ENTRANCE_IS_COLLAPSING_AGAIN
$ -> ENTRANCE_IS_COLLAPSING_AGAIN = WAITFOR -> TIMER:1 ?  MEMORY:SARAH_ALREADY_NOTICED_PLAYER_IS_LEAVING_BY_ENTRANCE, FACING_PLAYER:UP, COLLAPSE_ENTRANCE, WAITFOR_COLLAPSING_ENTRANCE_REACTION
$ -> COLLAPSE_ENTRANCE = COLLAPSE -> UP,26-58,235-1
$ -> WAITFOR_COLLAPSING_ENTRANCE_REACTION = WAITFOR_COMPLEXE_TIMER -> 3,5 ? 1*EXPRESSION:SUSPENSION, 2*TALK:SARAH_INQUIRY*SARAH_NOTICE_REBECCA_IS_LEAVING_NEXT
SELFTALKING -> SARAH_INQUIRY*SARAH_NOTICE_REBECCA_IS_LEAVING_NEXT = CUTSCENE -> STOP


//// INQUIRY SAS ////

! -> ALICIA_LOCKED_IN_AIRLOCK_SEARCHING_HELP = ACTION_THREE -> CUTSTOM(ALICIA_HELP)TALK_WHERE_IS_ALICIA_SARAH_HELP
$ -> TALK_WHERE_IS_ALICIA_SARAH_HELP = MEMORY ->  JOSEPH_GAVE_GREEN_KEY_TO_SARAH ? TALK:WHERE_IS_ALICIA*SARAH_HELP_ALREADY_KEY / TALK:WHERE_IS_ALICIA*SARAH_HELP
SELFTALKING -> WHERE_IS_ALICIA*SARAH_HELP_ALREADY_KEY = GOTO -> MEMORY:REBECCA_ASKED_FOR_SARAH_HELP_WHILE_KNOWING_ALICIA_IS_LOCKED, TA_NULL, AFFECTING:A3_ALICIA_NO_HELP
TALKED -> WHERE_IS_ALICIA*SARAH_HELP = GOTO -> MEMORY:REBECCA_ASKED_FOR_SARAH_HELP_WHILE_KNOWING_ALICIA_IS_LOCKED, SARAH_SEARCHING_FOR_ALICIA_WITH_REBECCA
$ -> SARAH_SEARCHING_FOR_ALICIA_WITH_REBECCA = GOTO -> MOVE:STOP, AFFECTING:A3_ALICIA_NO_HELP, WAITFOR_NULL, SAVED_TRIPLE_ACTION:SAVE, TA_NULL, PLAYER_AVOIDER_TYPE:THROUGH, MEMORY:SARAH_SEARCHING_ALICIA_INSTEAD_OF_DELTA, AFFECTING:DELTA_SEARCHING_ALICIA_WITH_PLAYER, SARAH_SEARCHING_ALICIA_WITH_PLAYER
$ -> SARAH_SEARCHING_ALICIA_WITH_PLAYER = GOTO -> PLAYER_AVOIDER_TYPE:THROUGH, WAITFOR_STUN:FALSE, MEMORY:SARAH_SEARCHING_ALICIA_WITH_PLAYER, FOLLOW_PLAYER, AFFECTING:OBJ-21*SARAH_SEARCHING_ALICIA_WITH_PLAYER, SARAH_REACHED_CORRIDOR_CONDITIONNAL
$ -> FOLLOW_PLAYER = WAITFOR -> TIMER:1 ? PARSE_FOLLOW_PLAYER_FAR, PARSE_FOLLOW_PLAYER_CLOSE, FOLLOW_PLAYER
$ -> PARSE_FOLLOW_PLAYER_FAR = PLAYER_FUTHER_THAN -> 2 ? MOVE:PLAYER / NULL
$ -> PARSE_FOLLOW_PLAYER_CLOSE = PLAYER_CLOSER_THAN -> 3 ? FACING:PLAYER / NULL
$ -> SARAH_REACHED_CORRIDOR_CONDITIONNAL = MEMORY -> SARAH_REACHED_CORRIDOR ? CUTSCENE:START, AFFECTING:PLAYER*MOVE_TO_SAS_WITH_SARAH / NULL
! -> MOVE_TO_DELTA_SAS_DOOR = GOTO -> WAITFOR_NULL, MOVE:25-38
GOAL -> 25-38 = GOTO -> WAITFOR_STUN:TRUE, WAITFOR_TIMER_ONE:SARAH_EPIPHANIE_ABOUT_SAS_DOOR
$ -> SARAH_EPIPHANIE_ABOUT_SAS_DOOR = GOTO -> EXPRESSION:SUSPENSION, WAITFOR_TALK_SARAH_EPIPHANIE
$ -> WAITFOR_TALK_SARAH_EPIPHANIE = WAITFOR -> TIMER:2 ? FACING_PLAYER:OBJECT, TALK:WHERE_IS_ALICIA*SARAH_EPIPHANIE
SELFTALKING -> WHERE_IS_ALICIA*SARAH_EPIPHANIE = GOTO -> FACING_PLAYER:UP, PLAYER_AVOIDER_TYPE:STOP, CUTSCENE:STOP, SLOW:16-35

GOAL -> 23-38 = GOTO -> MEMORY:SARAH_IS_FREEING_ALICIA, PLAYER_AVOIDER_TYPE:CUTSCENE, MOVE:STOP, PARSE_ALICIA_AWAY_FROM_SAS_AFTER_MIKA_FREED_HER
$ -> PARSE_ALICIA_AWAY_FROM_SAS_AFTER_MIKA_FREED_HER = MEMORY -> ALICIA_AWAY_FROM_SAS_AFTER_MIKA_FREED_HER ? SLOW:26-37 / PARSE_MIKA_IS_FREEING_ALICIA
$ -> PARSE_MIKA_IS_FREEING_ALICIA = MEMORY -> MIKA_FREEING_ALICIA ? WAITFOR_TIMER_ONE:PARSE_ALICIA_AWAY_FROM_SAS_AFTER_MIKA_FREED_HER / PARSE_ALICIA_AWAY_FROM_SAS_AFTER_DELTA_FREED_HER
$ -> PARSE_ALICIA_AWAY_FROM_SAS_AFTER_DELTA_FREED_HER = MEMORY -> ALICIA_AWAY_FROM_SAS_AFTER_DELTA_FREED_HER ? SLOW:26-37 / PARSE_DELTA_IS_FREEING_ALICIA
$ -> PARSE_DELTA_IS_FREEING_ALICIA = MEMORY -> DELTA_FREEING_ALICIA ? WAITFOR_TIMER_ONE:PARSE_ALICIA_AWAY_FROM_SAS_AFTER_DELTA_FREED_HER / SLOW:26-37
GOAL -> 26-37 = GOTO -> FACING:UP, WAITFOR_OPENING_SAS_CONDITIONNAL
$ -> WAITFOR_OPENING_SAS_CONDITIONNAL = MEMORY -> ALICIA_FREED_FROM_SAS ? SLOW:27-34 / PLAYER_AVOIDER_TYPE:CUTSCENE, WAITFOR_OPENING_SAS
$ -> WAITFOR_OPENING_SAS = WAITFOR -> TIMER:2 ? MEMORY:SARAH_FREED_ALICIA, AFFECTING:TALKED_WHERE_IS_ALICIA_DELTA_OPENED_SAS
! -> TP_SARAH_OUT_OF_SIGHT = TP -> 25-65
! -> TP_SARAH_NEAR_ALICIA_DOWN = GOTO -> PLAYER_AVOIDER_TYPE:CUTSCENE, FACING:UP, TP:26-39
! -> A1_LISTEN_ALICIA_SARAH_CONVERSATION = ACTION_ONE -> CUSTOM(LISTEN)LISTEN_SARAH_ALICIA_CONVERSATION
$ -> LISTEN_SARAH_ALICIA_CONVERSATION = GOTO -> AFFECTING:SET-UP*ADD_COUNTER_TWO, TALK:ALICIA_SAS*PICK_ME_UP_SARAH
TALKED -> ALICIA_SAS*PICK_ME_UP_SARAH = ACTION_ONE -> NULL
! -> WAITFOR_HEADING_SAS = GOTO -> ACTION_ONE:NULL, FACING:LEFT, PLAYER_AVOIDER_TYPE:STOP, WAITFOR_HEADING_SAS
$ -> WAITFOR_HEADING_SAS = WAITFOR -> TIMER:4 ? SLOW:27-34, DELETE_SAS_DOOR, MEMORY:ALICIA_FREED_FROM_SAS, MEMORY:ALICIA_AWAY_FROM_SAS_AFTER_SARAH_FREED_HER
$ -> DELETE_SAS_DOOR = DELETE -> 26-36:WORLD,1

GOAL -> 27-34 = GOTO -> FACING:RIGHT, PLAYER_AVOIDER_TYPE:CUTSCENE, WAITFOR_OPENING_SECOND_SAS_CONDITIONNAL
$ -> WAITFOR_OPENING_SECOND_SAS_CONDITIONNAL = MEMORY -> SECOND_SAS_DOOR_OPENED ? HEADING_ENTRANCE_SAS / WAITFOR_OPENING_SECOND_SAS
$ -> WAITFOR_OPENING_SECOND_SAS = WAITFOR -> TIMER:2 ? SOUND_IF_CAMERA:DOOR_UNLOCK, CREATE_SECOND_SAS_DOOR, UNLOCK_SECOND_SAS_DOOR_ANIMATION, DELETE_SECOND_SAS_DOOR, WAITFOR_TIMER_ONE:HEADING_ENTRANCE_SAS
$ -> CREATE_SECOND_SAS_DOOR = CREATE -> 28-34-BACK:1-235-0
$ -> UNLOCK_SECOND_SAS_DOOR_ANIMATION = CREATE -> 28-34-FRONT:1-128-1
$ -> DELETE_SECOND_SAS_DOOR = DELETE -> 28-34:WORLD,2
$ -> HEADING_ENTRANCE_SAS = GOTO -> PLAYER_AVOIDER_TYPE:STOP, SLOW:47-35


//// INQUIRY ENTRANCE ////

GOAL -> 47-35 = GOTO -> FACING:DOWN, PLAYER_AVOIDER_TYPE:CUTSCENE, WAITFOR_OPENING_SAS_ENTRANCE
$ -> WAITFOR_OPENING_SAS_ENTRANCE = WAITFOR -> TIMER:2 ? SOUND_IF_CAMERA:DOOR_UNLOCK, CREATE_SAS_ENTRANCE, UNLOCK_SAS_ENTRANCE, DELETE_SAS_ENTRANCE, WAITFOR_TIMER_ONE:HEADING_ENTRANCE_SAS_SECOND_DOOR
$ -> CREATE_SAS_ENTRANCE = CREATE -> 47-36-BACK:1-235-0
$ -> UNLOCK_SAS_ENTRANCE = CREATE -> 47-36-FRONT:1-128-1
$ -> DELETE_SAS_ENTRANCE = DELETE -> 47-36:WORLD,2
$ -> HEADING_ENTRANCE_SAS_SECOND_DOOR = GOTO -> PLAYER_AVOIDER_TYPE:STOP, SLOW:46-38
GOAL -> 46-38 = GOTO -> FACING:LEFT, PLAYER_AVOIDER_TYPE:CUTSCENE, WAITFOR_OPENING_SAS_ENTRANCE_SECOND_DOOR
$ -> WAITFOR_OPENING_SAS_ENTRANCE_SECOND_DOOR = WAITFOR -> TIMER:2 ? SOUND_IF_CAMERA:DOOR_UNLOCK, CREATE_SAS_ENTRANCE_SECOND_DOOR, UNLOCK_SAS_ENTRANCE_SECOND_DOOR, DELETE_SAS_ENTRANCE_SECOND_DOOR, WAITFOR_TIMER_ONE:HEADING_ENTRANCE
$ -> CREATE_SAS_ENTRANCE_SECOND_DOOR = CREATE -> 45-38-BACK:1-235-0
$ -> UNLOCK_SAS_ENTRANCE_SECOND_DOOR = CREATE -> 45-38-FRONT:1-128-1
$ -> DELETE_SAS_ENTRANCE_SECOND_DOOR = DELETE -> 45-38:WORLD,2
$ -> HEADING_ENTRANCE = GOTO -> PLAYER_AVOIDER_TYPE:STOP, SLOW:41-41, WAITFOR_REBECCA_CLOSE_TO_ENTRANCE
$ -> WAITFOR_REBECCA_CLOSE_TO_ENTRANCE = WAITFOR -> PLAYER_CLOSER_THAN:4 ? SARAH_NOTICE_PLAYER_NEAR_ENTRANCE
GOAL -> 41-41 = GOTO -> FACING:DOWN, PLAYER_AVOIDER_TYPE:CUTSCENE, WAITFOR_OPENING_ENTRANCE
$ -> WAITFOR_OPENING_ENTRANCE = WAITFOR -> TIMER:2 ? SOUND_IF_CAMERA:DOOR_UNLOCK, CREATE_ENTRANCE_DOOR, UNLOCK_ENTRANCE_DOOR, DELETE_ENTRANCE_DOOR, MEMORY:SARAH_OPENED_PARKING_ENTRANCE, WAITFOR_TIMER_ONE:SARAH_OPENED_ENTRANCE
$ -> CREATE_ENTRANCE_DOOR = CREATE -> 41-42-BACK:1-235-0
$ -> UNLOCK_ENTRANCE_DOOR = CREATE -> 41-42-FRONT:1-128-1
$ -> DELETE_ENTRANCE_DOOR = DELETE -> 41-42:WORLD,2

$ -> SARAH_NOTICE_PLAYER_NEAR_ENTRANCE = GOTO -> CUTSCENE:START, MOVE:STOP, FACING:PLAYER, EXPRESSION:EXCLAMATION, WAITFOR_TIMER_ONE:TALK:SARAH_INQUIRY*SARAH_NOTICE_REBECCA_NEAR_ENTRANCE
SELFTALKING -> SARAH_INQUIRY*SARAH_NOTICE_REBECCA_NEAR_ENTRANCE = MEMORY -> REBECCA_AND_DELTA_ARE_LOOKING_FOR_ALICIA_OUTSIDE_SAS ? PARSE_REBECCA_AND_DELTA_ARE_NO_LONGER_LOOKING_FOR_ALICIA_OUTSIDE_SAS / TALKED_SARAH_NOTICE_REBECCA_NEAR_ENTRANCE
$ -> TALKED_SARAH_NOTICE_REBECCA_NEAR_ENTRANCE = GOTO -> EXPRESSION:SUSPENSION, WAITFOR_SARAH_NOTICE_REBECCA_NEAR_ENTRANCE
$ -> PARSE_REBECCA_AND_DELTA_ARE_NO_LONGER_LOOKING_FOR_ALICIA_OUTSIDE_SAS = MEMORY -> REBECCA_AND_DELTA_ARE_NO_LONGER_LOOKING_FOR_ALICIA_OUTSIDE_SAS ? TALKED_SARAH_NOTICE_REBECCA_NEAR_ENTRANCE / TALK:SARAH_INQUIRY*SARAH_NOTICE_REBECCA_NEAR_ENTRANCE_DELTA_REACTION
SELFTALKING -> SARAH_INQUIRY*SARAH_NOTICE_REBECCA_NEAR_ENTRANCE_DELTA_REACTION = GOTO -> TALKED_SARAH_NOTICE_REBECCA_NEAR_ENTRANCE
$ -> WAITFOR_SARAH_NOTICE_REBECCA_NEAR_ENTRANCE = WAITFOR -> TIMER:2 ? MOVE:41-41, PLAYER_AVOIDER_TYPE:CUTSCENE, CUTSCENE:STOP_WITH_DELAY
$ -> SARAH_OPENED_ENTRANCE = SLOW -> 41-43
GOAL -> 41-43 = ACTION_ONE -> TALK(EXIT_END)SARAH_INQUIRY*SARAH_NOTICE_REBECCA_IS_LEAVING
! -> LISTENING_MIKA_SAS_ENTRANCE = GOTO -> FACING:UP, WAITFOR_STOP_LISTENING_MIKA_SAS_ENTRANCE
$ -> WAITFOR_STOP_LISTENING_MIKA_SAS_ENTRANCE = WAITFOR -> TIMER:9 ? FACING:DOWN