TIME -> 0 = GOTO -> CAMERA, MUSIC, CREATE_COUNTERS, CREATE_DECORATION, CUTSCENE, WAITFOR_TIMER_ONE:CHECKPOINT:FAST_START

SAVED -> REBECCA*IGNORED_DOOR = SAVE -> ERASE, REBECCA*IGNORED_DOOR
SAVED -> REBECCA*USED_BATHROOM = SAVE -> ERASE, REBECCA*USED_BATHROOM
SAVED -> NOVATECH*REBECCA_ARRIVE_BEFORE_SARAH = SAVE -> ERASE, NOVATECH*REBECCA_ARRIVE_BEFORE_SARAH
SAVED -> NOVATECH*REBECCA_ARRIVE_WITH_SARAH = SAVE -> ERASE, NOVATECH*REBECCA_ARRIVE_WITH_SARAH
SAVED -> NOVATECH*REBECCA_ARRIVE_AFTER_SARAH = SAVE -> ERASE, NOVATECH*REBECCA_ARRIVE_AFTER_SARAH
SAVED -> SARAH*TALKED_ABOUT_BOOKSHELF = SAVE -> ERASE, SARAH*TALKED_ABOUT_BOOKSHELF
SAVED -> SARAH*HAS_BEEN_REFUSED_TO_GO_WITH = SAVE -> ERASE, SARAH*HAS_BEEN_REFUSED_TO_GO_WITH
PRIORSAVED -> SARAH*ANGRY_REALLY_HARD = MEMORY -> SADISTIC_REBECCA

PRIORSAVED -> PSYCHOPATH*SARAH_SEQUESTRATION = GOTO -> MEMORY:SARAH_ANGRY_REALLY_HARD, MEMORY:SADISTIC_REBECCA, MEMORY:PSYCHOPATH
! -> SAVE_ALICIA_REBECCA_KNOWS_SHE_WAS_TRAPPED = SAVE -> REGISTER, ALICIA*REBECCA_KNOWS_SHE_WAS_TRAPPED

//// SET UP ////

$ -> CAMERA = CHECKPOINT -> FAST_START ? NULL / CAMERA_WITHOUT_TRANSITION:13-50
$ -> MUSIC = CHECKPOINT -> FAST_START ? MUSIC:LABORATORY / MUSIC:NULL
! -> SCENARIO_INQUIRY = COUNTER_ONE -> CREATE, PEOPLE_QUESTIONED
$ -> CREATE_COUNTERS = GOTO -> CREATE_COUNTER_ONE, CREATE_COUNTER_TWO, CREATE_COUNTER_THREE
$ -> CREATE_COUNTER_ONE = COUNTER_ONE -> CREATE, WALLS_EXPLODED
$ -> CREATE_COUNTER_TWO = COUNTER_TWO -> CREATE, DISCUSSIONS_LISTENED
$ -> CREATE_COUNTER_THREE = COUNTER_THREE -> CREATE, ROMANCE
$ -> CUTSCENE = CUTSCENE -> START

TALKED -> VLADIMIR_CUTSCENE*SCENARIO_PLANT_ADVICE = GOTO -> HUD_ADD:CLUE, SOUND:LOOT_SPAWN, LOOP_CLUE
$ -> LOOP_CLUE = WAITFOR -> TIMER:50 ? CLUE_BECAUSE_PLAYER_IS_LOST
$ -> CLUE_BECAUSE_PLAYER_IS_LOST = READY_PLAYER -> TRUE ? CLUE / WAITFOR_TIMER_ONE:CLUE_BECAUSE_PLAYER_IS_LOST
$ -> CLUE = GOTO -> HUD_REMOVE:CLUE, HUD_ADD:CLUE, LOOP_CLUE

//// DECORATION ////

$ -> CREATE_DECORATION = GOTO -> CREATE_ENTRANCE, CREATE_DESK_CHAIRS, CREATE_ALICIA_ROOM, CREATE_BOMBABLE_DESK_ROOM, CREATE_FURNITURES
$ -> CREATE_DESK_CHAIRS = GOTO -> CREATE_FRED_AND_GEORGE_CHAIR, CREATE_JEAN_CHAIR, CREATE_DELTA_CHAIR
$ -> CREATE_FRED_AND_GEORGE_CHAIR = CREATE_DECORATION -> 21-47-BACK:WORLD,1,2,CHAIR,0-9,2-4
$ -> CREATE_JEAN_CHAIR = CREATE_DECORATION -> 21-42-BACK:WORLD,1,2,CHAIR,0-9,2-4
$ -> CREATE_DELTA_CHAIR = CREATE_DECORATION -> 31-42-BACK:WORLD,1,2,CHAIR,0-9,2-4


//// ENTRANCE ////

$ -> CREATE_ENTRANCE = CHECKPOINT -> FAST_START ? NULL / CREATE_LEFT_WALL, CREATE_RIGHT_WALL
$ -> CREATE_LEFT_WALL = CREATE_DECORATION -> 25-58-FRONT:GROUND,1,1,WALL_235,0-0,1-1
$ -> CREATE_RIGHT_WALL = CREATE_DECORATION -> 27-58-FRONT:GROUND,1,1,WALL_235,0-0,1-1
! -> SOUND_MATCH_STICK = WAITFOR -> TIMER:2 ? SOUND:MATCH_STICK


//// ALICIA RUBBLE ////

$ -> CREATE_ALICIA_ROOM = GOTO -> CREATE_ALICIA_RUBBLE
$ -> CREATE_ALICIA_RUBBLE = GOTO -> CREATE_RUBBLES, AFFECTING:OBJ-22*ALICIA_RUBBLE_INIT
$ -> CREATE_RUBBLES = CREATE -> 31-36-BACK:22-255-255


//// BOMBABLE DESK ////

$ -> CREATE_BOMBABLE_DESK_ROOM = GOTO -> CREATE_BOMBABLE_DESK, CREATE_BOMBABLE_RUBBLE_HANDLER 
$ -> CREATE_BOMBABLE_DESK = CREATE_DECORATION -> 54-7-FRONT:WORLD,6,5,NOVATECH_DESK_BEFORE_EXPLOSION,0-0,1-1
$ -> CREATE_BOMBABLE_RUBBLE_HANDLER = GOTO -> CREATE_BOMBABLE_RUBBLE, AFFECTING:OBJ-35*INIT_BOMBABLE_DESK_RUBBLE
$ -> CREATE_BOMBABLE_RUBBLE = CREATE -> 54-8-FRONT:35-255-255
! -> EXPLODE_BOMBABLE_RUBBLE = GOTO -> CREATE_BOMBABLE_DESK_ANIMATION, DELETE_BOMBABLE_DESK, DELETE_BOMBABLE_DESK_DESK, SOUND:HIT_SMALL
$ -> CREATE_BOMBABLE_DESK_ANIMATION = CREATE_ANIMATION -> 54-7-BACK:WORLD,6,5,NOVATECH_DESK_EXPLOSION,4,FALSE
$ -> DELETE_BOMBABLE_DESK_DESK = DELETE -> 54-7:WORLD,3
$ -> DELETE_BOMBABLE_DESK = DELETE -> 55-9:WORLD,1


//// OTHER ////

$ -> CREATE_FURNITURES = GOTO -> CREATE_RECEPTION_DESK, CREATE_FURNITURE, CREATE_DELTA_CHAIR_BLOCKING
$ -> CREATE_RECEPTION_DESK = CREATE_DECORATION -> 40-37-FRONT:WORLD,1,1,FURNITURE,8-10,1-2
$ -> CREATE_FURNITURE = CREATE_DECORATION -> 59-18-FRONT:WORLD,1,1,FURNITURE,0-0,1-1
$ -> CREATE_DELTA_CHAIR_BLOCKING = CREATE -> 31-42-FRONT:255-255-255
$ -> ADD_COUNTER_ONE = COUNTER_ONE -> ADD, 1
! -> ADD_COUNTER_ONE = COUNTER_ONE -> ADD, 1
! -> ADD_COUNTER_TWO = COUNTER_TWO -> ADD, 1
WONPUZZLE -> 26-58 = GOTO -> ADD_COUNTER_ONE
WONPUZZLE -> 31-36 = GOTO -> ADD_COUNTER_ONE
WONPUZZLE -> 32-32 = GOTO -> ADD_COUNTER_ONE
WONPUZZLE -> 56-32 = GOTO -> ADD_COUNTER_ONE, SAVE_NOVATECH_EXPLODED_WALL_ONE
WONPUZZLE -> 57-27 = GOTO -> ADD_COUNTER_ONE, SAVE_NOVATECH_EXPLODED_WALL_TWO
WONPUZZLE -> 56-22 = GOTO -> ADD_COUNTER_ONE
WONPUZZLE -> 58-17 = GOTO -> ADD_COUNTER_ONE, SAVE_NOVATECH_EXPLODED_WALL_FOUR
WONPUZZLE -> 57-12 = GOTO -> ADD_COUNTER_ONE, SAVE_NOVATECH_EXPLODED_WALL_FIVE
$ -> SAVE_NOVATECH_EXPLODED_WALL_ONE = SAVE -> REGISTER, NOVATECH*EXPLODED_WALL_ONE
$ -> SAVE_NOVATECH_EXPLODED_WALL_TWO = SAVE -> REGISTER, NOVATECH*EXPLODED_WALL_TWO
$ -> SAVE_NOVATECH_EXPLODED_WALL_FOUR = SAVE -> REGISTER, NOVATECH*EXPLODED_WALL_FOUR
$ -> SAVE_NOVATECH_EXPLODED_WALL_FIVE = SAVE -> REGISTER, NOVATECH*EXPLODED_WALL_FIVE
! -> FREE_AND_BEFRIEND_ALICIA = MEMORY -> PREVENT_FREE_AND_BEFRIEND_ALICIA ? NULL / MEMORY:PREVENT_FREE_AND_BEFRIEND_ALICIA, GOOD_DEED:FREE_AND_BEFRIEND_ALICIA
$ -> UNSAVE_ALICIA_NOBODY_FREED_HER_CONDITIONNAL = MEMORY -> JOSPEH_WILL_SIT_CRY ? PARSE_SARAH_HAS_GREEN_KEY / AFFECTING:ALEXIA*UNSAVE_ALICIA_NOBODY_FREED_HER
$ -> PARSE_SARAH_HAS_GREEN_KEY = MEMORY -> JOSEPH_GAVE_GREEN_KEY_TO_SARAH ? AFFECTING:ALEXIA*UNSAVE_ALICIA_NOBODY_FREED_HER / PARSE_MIKA_ANGRY_ABOUT_ALICIA
$ -> PARSE_MIKA_ANGRY_ABOUT_ALICIA = MEMORY -> MIKA_ANGRY_ABOUT_ALICIA ? AFFECTING:ALEXIA*UNSAVE_ALICIA_NOBODY_FREED_HER / NULL


//// END LVL ////

UNLOCKEDTOOL -> KEY:GREEN = GOTO -> CREATE_EXIT_DOOR_SAS, CREATE_EXIT_DOOR_RECEPTION, AFFECTING:INIT_EXIT_DOORS
UNLOCKEDTOOL -> KEY:RED = GOTO -> CREATE_EXIT_DOOR_SAS, CREATE_EXIT_DOOR_RECEPTION, AFFECTING:INIT_EXIT_DOORS
$ -> CREATE_EXIT_DOOR_SAS = CREATE -> 26-36-BACK:33-255-255
$ -> CREATE_EXIT_DOOR_RECEPTION = CREATE -> 41-42-BACK:32-255-255

TALKED -> REBECCA_EXIT*PLAYER_LEAVING_NEXT = MEMORY -> ALICIA_FOLLOW_PLAYER ? PARSE_ALICIA_NO_LONGER_FOLLOW_PLAYER / PLAYER_LEAVING_NEXT
$ -> PARSE_ALICIA_NO_LONGER_FOLLOW_PLAYER = MEMORY -> EXPLODE_BOMBABLE_RUBBLE ? PLAYER_LEAVING_NEXT / TALK:REBECCA_EXIT*ALICIA_REACTION_PLAYER_LEAVING_NEXT
TALKED -> REBECCA_EXIT*ALICIA_REACTION_PLAYER_LEAVING_NEXT = GOTO -> PLAYER_LEAVING_NEXT

! -> MIKA_OPENED_EXIT = GOTO -> MUSIC_WITHOUT_TRANSITION:ROAD_TO_MOTIVATION, ENDING_LVL
! -> PLAYER_OPENED_EXIT = MEMORY -> PSYCHOPATH ? MUSIC_WITHOUT_TRANSITION:ABSOLUTE_EVILNESS, ENDING_LVL_PSYCHOPATH / MUSIC_MARIE_CONDITIONNAL, ENDING_LVL
! -> INVESTIGATION_SOLVED = GOTO -> UNSAVE_ALICIA_NOBODY_FREED_HER_CONDITIONNAL, PARSE_MIKA_FREEING_ALICIA, MUSIC_MARIE_CONDITIONNAL, ENDING_LVL
$ -> MUSIC_MARIE_CONDITIONNAL = MEMORY -> REBECCA_DATING_MARIE ? MUSIC_WITHOUT_TRANSITION:L'AMOUREUSE / NULL
$ -> PLAYER_LEAVING_NEXT = GOTO -> SAVE_NOVATECH_REBECCA_ABANDONNED_EVERYONE, MUSIC:NULL, ENDING_LVL
$ -> SAVE_NOVATECH_REBECCA_ABANDONNED_EVERYONE = SAVE -> REGISTER, NOVATECH*REBECCA_ABANDONNED_EVERYONE
$ -> PARSE_MIKA_FREEING_ALICIA = MEMORY -> MIKA_FREEING_ALICIA ? NULL / PARSE_TRY_FREEING_ALICIA_BY_MIKA
$ -> PARSE_TRY_FREEING_ALICIA_BY_MIKA = MEMORY -> TRY_FREEING_ALICIA_BY_MIKA ? GOOD_DEED:TRY_FREEING_ALICIA / PARSE_SARAH_FREEING_ALICIA
$ -> PARSE_SARAH_FREEING_ALICIA = MEMORY -> SARAH_FREED_ALICIA ? NULL / PARSE_TRY_FREEING_ALICIA_BY_SARAH
$ -> PARSE_TRY_FREEING_ALICIA_BY_SARAH = MEMORY -> TRY_FREEING_ALICIA_BY_SARAH ? GOOD_DEED:TRY_FREEING_ALICIA / NULL
$ -> ENDING_LVL = END_LVL -> NORMAL, REBECCAS_ROOM_002, WORKSHOP_001
$ -> ENDING_LVL_PSYCHOPATH = END_LVL -> NORMAL, REBECCAS_ROOM_001, DAVE_PSYCHOPATH_END