TIME -> 0 = GOTO -> HITBOX_INIT, TA_INIT


//// STATE ////

$ -> HITBOX_INIT = HITBOX -> 0, 0, 16, 13
$ -> TA_INIT = MEMORY -> MORNING ? TA_MORNING / TA_EVENING
$ -> TA_MORNING = TRIPLE_ACTION -> CUSTOM(DO_PANCAKES)DO_PANCAKES
$ -> TA_EVENING = TRIPLE_ACTION -> CUSTOM(DO_OMELET)DO_PANCAKES


//// DO PANCAKES ////

$ -> DO_PANCAKES = GOTO -> CUTSCENE:START, PLAYER_DROP_GLASS, WAITING_BEFORE_START_COOKING
$ -> WAITING_BEFORE_START_COOKING = WAITFOR -> TIMER:1 ? CREATE_FIRE_HANDLER, WAITFOR_TIMER_ONE:AFFECTING:PLAYER*MOVE_PLAYER_TO_FRIDGE
$ -> CREATE_FIRE_HANDLER = GOTO -> CREATE_FIRE, SOUND:LIGHTER, CREATE_GAZ_HANDLER, GAZ_CONDITIONAL
$ -> CREATE_FIRE = CREATE_ANIMATION -> ONTHESPOT-BACK:WORLD,1,1,FIRE_HOTPLATES,8,TRUE
! -> PLAYER_REACHED_FRIDGE = GOTO -> SOUND:FRIDGE_OPEN, WAITING_BEFORE_TAKING_INGREDIENT
$ -> WAITING_BEFORE_TAKING_INGREDIENT = WAITFOR_COMPLEXE_TIMER -> 2,3 ? 1*SOUND:GLASS, 2*SOUND:FRIDGE_CLOSE, 2*AFFECTING:PLAYER*MOVE_PLAYER_TO_HOTPLATES
! -> PLAYER_REACHED_HOTPLATES = WAITFOR_COMPLEXE_TIMER -> 1,3,4,8 ? 1*CREATE_COOKING_PANCAKES, 1*SOUND:COOKING_PAN, 2*DELETE_GAZ, 3*DELETE_ONTHESPOT:2, 4*DELETE_ONTHESPOT:1, 4*PLAYER_TAKE_GLASS, 4*AFFECTING:PLAYER*MOVE_PLAYER_TO_TABLE
$ -> CREATE_COOKING_PANCAKES = CREATE_DECORATION -> ONTHESPOT-BACK:WORLD,1,1,PANCAKES,0-0,1-1
! -> PLAYER_REACHED_TABLE = GOTO -> CREATE_PANCAKES_CONDITIONNAL, SOUND:PLATE, MEMORY:PANCAKES, WAITING_BEFORE_COLD_PANCAKES, SAVE_PANCAKES_ON_TABLE_CONDIITONNAL, CUTSCENE:STOP
$ -> WAITING_BEFORE_COLD_PANCAKES = WAITFOR -> TIMER:40 ? MEMORY:COLD_PANCAKES
$ -> CREATE_PANCAKES_CONDITIONNAL = MEMORY -> MORNING ? CREATE_PANCAKES / CREATE_OMELET
$ -> CREATE_PANCAKES = CREATE_DECORATION -> 8-3-BACK:WORLD,1,1,PANCAKES,0-4,2-1
$ -> CREATE_OMELET = CREATE_DECORATION -> 8-3-BACK:WORLD,1,1,PANCAKES,0-4,2-2
$ -> SAVE_PANCAKES_ON_TABLE_CONDIITONNAL = SAVE -> REGISTER, REBECCAS_ROOM*OMELET_ON_TABLE
$ -> SAVE_PANCAKES_ON_TABLE = SAVE -> REGISTER, REBECCAS_ROOM*PANCAKES_ON_TABLE


//// DROP GLASS ////

$ -> PLAYER_DROP_GLASS = CONDITION_PLAYER -> GLASS ? CREATE_GLASS_HANDLER / NULL
$ -> CREATE_GLASS_HANDLER = GOTO -> CONDITION_PLAYER:GOOD, CREATE_GLASS, NAME:GLASS, SOUND:GLASS
$ -> CREATE_GLASS = CREATE_DECORATION -> 1-2-BACK:WORLD,1,1,GLASS,7-12,1-1
$ -> PLAYER_TAKE_GLASS = NAME -> GLASS ? DELETE_GLASS_HANDLER / NULL
$ -> DELETE_GLASS_HANDLER = GOTO -> NAME:HOTSPOTS, CONDITION_PLAYER:GLASS, DELETE_GLASS, SOUND:GLASS
$ -> DELETE_GLASS = DELETE -> 1-2:WORLD,1


//// GAZ SOUND ////

$ -> CREATE_GAZ_HANDLER = GOTO -> CREATE_GAZ, AFFECTING:OBJ-40*GAZ_INIT
$ -> CREATE_GAZ = CREATE -> 0-1-BACK:40-255-255
$ -> DELETE_GAZ = AFFECTING -> OBJ-40*GAZ_DELETE