TIME -> 0 = GOTO -> HITBOX_INIT, HIGHLIGHT_INIT, ACTION_THREE:CUSTOM(TAKE_STOCK)TAKE_STOCK


//// STATE ////

$ -> HITBOX_INIT = HITBOX -> 0, 0, 12, 13
$ -> HIGHLIGHT_INIT = HIGHLIGHT -> 0, -1, 1, 2


//// WATER PLANT ////

! -> HAS_WATER = MEMORY -> UNWATERABLE_KITCHEN_PLANT ? ACTION_ONE:NULL / ACTION_ONE:CUSTOM(WATER_PLANT)PLANT_UNWATERABLE
$ -> PLANT_UNWATERABLE = GOTO -> MEMORY:UNWATERABLE_KITCHEN_PLANT, SAVE_UNWATERABLE_PLANT, TALK:OBJECT*PLANT_KITCHEN_UNWATERABLE
$ -> SAVE_UNWATERABLE_PLANT = SAVE -> REGISTER, REBECCAS_ROOM*UNWATERABLE_KITCHEN_PLANT
! -> HAS_NO_WATER = ACTION_ONE -> NULL


//// TAKE STOCK ////

$ -> TAKE_STOCK = GOTO -> ACTION_THREE:CUSTOM(TAKE_STOCK)TAKE_STOCK, TAKE_STOCK_SEARCH_KEY
$ -> TAKE_STOCK_SEARCH_KEY = MEMORY -> TAKE_STOCK_SEARCH_KEY ? TAKE_STOCK_SEARCH_KEY_SECOND_VERIFICATION / TAKE_STOCK_NAKED
$ -> TAKE_STOCK_SEARCH_KEY_SECOND_VERIFICATION = MEMORY -> KNOWING_KEY_POS ? TAKE_STOCK_NAKED / TALK:TAKE_STOCK*SEARCH_KEY
$ -> TAKE_STOCK_NAKED = NAME_PLAYER -> REBECCA_TOWEL ? TALK:TAKE_STOCK*NAKED / TAKE_STOCK_SARAH
$ -> TAKE_STOCK_SARAH = MEMORY -> SARAH_ENTERED ? TAKE_STOCK_SARAH_SECOND_VERIFICATION / TALK:TAKE_STOCK*GO_TO_WORK
$ -> TAKE_STOCK_SARAH_SECOND_VERIFICATION = MEMORY -> SARAH_LEFT ? TALK:TAKE_STOCK*GO_TO_WORK / TALK:TAKE_STOCK*SARAH

SELFTALKING -> TAKE_STOCK*SEARCH_KEY = AFFECTING -> SEARCHING_KEY