TIME -> 0 = GOTO -> NAME:IDIOT, TEXTURE_NAME:MILITARYMAN, BLOCKING_PATH:FALSE, BLOCKING_SIGHT:TRUE,  PLAYER_AVOIDER_TYPE:THROUGH, IS_UP, TA_INIT


//// STATE ////

$ -> TA_NULL = TRIPLE_ACTION -> NULL
$ -> OFFSET_LEFT = GOTO -> DIPLAY_LEFT, HITBOX_LEFT
$ -> OFFSET_RIGHT = GOTO -> DIPLAY_RIGHT, HITBOX_RIGHT
$ -> OFFSET_DOWN = GOTO -> DIPLAY_DOWN, HITBOX_DOWN
$ -> DIPLAY_NORMAL = DISPLAY -> 0,0
$ -> DIPLAY_LEFT = DISPLAY -> -11,0
$ -> DIPLAY_RIGHT = DISPLAY -> -10,0
$ -> DIPLAY_UP = DISPLAY -> -11,-6
$ -> DIPLAY_DOWN = DISPLAY -> -11,7
$ -> HITBOX_NORMAL = HITBOX -> 0, 0, 16, 16
$ -> HITBOX_LEFT = HITBOX -> -11, 0, 16, 16
$ -> HITBOX_RIGHT = HITBOX -> -10, 0, 16, 16
$ -> HITBOX_UP = HITBOX -> -11, -6, 16, 16
$ -> HITBOX_DOWN = HITBOX -> -11, 7, 16, 16

! -> NANCY_IS_PLAYER = CONDITION -> KO ? NULL / TP:59-55, FAST:59-55


//// START IA ////

$ -> IS_LEFT = GOTO -> DIPLAY_LEFT, HITBOX_LEFT, FAST:36-46
$ -> IS_RIGHT = GOTO -> DIPLAY_RIGHT, HITBOX_RIGHT, PARSE_DARWIN_CUTSCENE
$ -> IS_UP = GOTO -> DIPLAY_UP, HITBOX_UP, FAST:42-46
GOAL -> 42-46 = MEMORY -> NATHAN_WANT_TO_GIVE_PILL ? NATHAN_WANT_TO_GIVE_PILL / FAST:59-46
$ -> IS_DOWN = GOTO -> DIPLAY_DOWN, HITBOX_DOWN, FAST:36-55
GOAL -> 36-55 = GOTO -> IS_LEFT
GOAL -> 59-46 = GOTO -> IS_RIGHT
GOAL -> 36-46 = GOTO -> IS_UP
GOAL -> 59-55 = GOTO -> IS_DOWN

$ -> TA_INIT = TRIPLE_ACTION -> TALK(WHAT_ARE_YOU_DOING)IDIOT*WHAT_ARE_YOU_DOING
SELFTALKING -> IDIOT*WHAT_ARE_YOU_DOING = GOTO -> MEMORY:JESSY_NAME_LEARNT, ACTION_ONE:TALK(THATS_DANGEROUS)IDIOT*THATS_DANGEROUS
SELFTALKING -> IDIOT*THATS_DANGEROUS = ACTION_ONE -> TALK(STOP_MOVING)IDIOT*STOP_MOVING
SELFTALKING -> IDIOT*STOP_MOVING = MEMORY -> SCENARIO_BAD ? TALK:IDIOT*STOP_MOVING_NEXT_BAD / NULL
SELFTALKING -> IDIOT*STOP_MOVING_NEXT_BAD = GOTO -> TA_NULL, MEMORY:DONT_WANT_TO_TALK_TO_IDIOT_ANYMORE


//// BAD ////

TALKED -> KEY_QUEST*CHEST_TALKED_TO_NATHAN = MEMORY -> DONT_WANT_TO_TALK_TO_IDIOT_ANYMORE ? TALK:IDIOT*DO_YOU_HAVE_KEY_BAD_VAR / A3_ASK_FOR_KEYS
TALKED -> KEY_QUEST*NATHAN_OPENED_CHEST = MEMORY -> DONT_WANT_TO_TALK_TO_IDIOT_ANYMORE ? TALK:IDIOT*DO_YOU_HAVE_KEY_BAD_VAR / A3_ASK_FOR_KEYS
$ -> A3_ASK_FOR_KEYS = ACTION_THREE -> CUSTOM(YELLOW_KEY)TALK_IDIOT_DO_YOU_HAVE_KEY
$ -> TALK_IDIOT_DO_YOU_HAVE_KEY = MEMORY -> DONT_WANT_TO_TALK_TO_IDIOT_ANYMORE ? TALK:IDIOT*DO_YOU_HAVE_KEY_BAD / TALK:IDIOT*DO_YOU_HAVE_KEY
SELFTALKING -> IDIOT*DO_YOU_HAVE_KEY = GOTO -> MEMORY:KEY_IN_SHOWER, MEMORY:JESSY_NAME_LEARNT, AFFECTING:KEY_IN_SHOWER


//// DARWIN ////

$ -> PARSE_DARWIN_CUTSCENE = MEMORY -> DARWIN_CUTSCENE ? FAST:59-50, / FAST:59-55
GOAL -> 59-50 = GOTO -> CREATE_BOUH, SOUND:JUMP, CAMERA_SHAKE:LITTLE, FAST:59-54
GOAL -> 59-54 = GOTO -> SOUND:SHOOT_GUN, CREATE_GUNSHOT, MOVE:STOP, CONDITION:KO, CREATE_BLOOD_PUDDLE, MEMORY:IDIOT_IS_DEAD, AFFECTING:IDIOT_IS_DEAD
$ -> CREATE_BOUH = CREATE_BONUSTEXT -> 52-53,IMPORTANT,BOUH!
$ -> CREATE_GUNSHOT = CREATE_ANIMATION -> 50-54-FRONT:WORLD,11,1,MILITARY,5,FALSE
$ -> CREATE_BLOOD_PUDDLE = CREATE_DECORATION -> 58-54-FRONT:GROUND,1,1,BLOOD_PUDDLE,6-0,1-1
TALKED -> KEY_QUEST*BUT_IDIOT_IS_DEAD = TALK -> KEY_QUEST*IDIOT_IS_DEAD_NEXT
TALKED -> KEY_QUEST*TOOK_HIS_SECRET_TO_HIS_GRAVE = TALK -> KEY_QUEST*IDIOT_IS_DEAD_NEXT


//// NEED HELP ////

! -> NEED_HELP = TRIPLE_ACTION -> TALK(NEED_HELP)IDIOT*NEDD_HELP
SELFTALKING -> IDIOT*NEDD_HELP = GOTO -> MEMORY:IDIOT_EXCECTING_MUSCLE_TONIC
$ -> NATHAN_WANT_TO_GIVE_PILL = GOTO -> DIPLAY_NORMAL, HITBOX_NORMAL, FACING:UP, IDIOT_HELPED, WAITFOR_DYING_FROM_PILL
$ -> WAITFOR_DYING_FROM_PILL = WAITFOR -> TIMER:3 ? CONDITION:KO, SOUND:HIT_SMALL, CREATE_DIES, AFFECTING:NATHAN*COMING_BACK_FROM_PILL
$ -> CREATE_DIES = CREATE_BONUSTEXT -> ONTHESPOT,NORMAL,DIES
$ -> IDIOT_HELPED = GOTO -> MEMORY:HELPED_SOMEONE, MEMORY:HELPED_IDIOT, AFFECTING:GUARD*TALK_HELPED_EVERYONE_CONDITIONNAL