TIME -> 0 = GOTO -> NAME:REBECCA, BLOCKING_SIGHT:TRUE


//// STATE ////

$ -> DISPLAY_NORMAL = DISPLAY -> 0, 0
$ -> DISPLAY_UP = DISPLAY -> 0, -4
! -> BLOCKING_PATH_FALSE = BLOCKING_PATH -> FALSE


//// CENTER ////

! -> TP_TO_CENTER_OF_ARENA = TP -> 20-36
! -> GRAVITY_FALL = GOTO -> CAMERA:FIX, CREATE_GRAVITY_FALL, TP:100-100
$ -> CREATE_GRAVITY_FALL = CREATE_ANIMATION -> ONTHESPOT-FRONT:WORLD,1,1,GRAVITY_FALL,5,FALSE
! -> YY_MEETING = GOTO -> CUTSCENE:START, SLOW:30-36
GOAL -> 30-36 = WAITFOR -> SLOW:30-34 ? SLOW:32-34


//// INFIRMARY ////

! -> SWITCH_NANCY = GOTO -> TP:OBJ39, FACING:NANCY, TEXTURE_NAME:NANCY, BLOCKING_PATH:TRUE
! -> NANCY_MOVE_TO_INFIRMARY_ENTRANCE = WAITFOR -> SLOW:32-7 ? FACING:RIGHT
! -> NANCY_MOVE_TO_INFIRMARY_CENTER = WAITFOR -> SLOW:37-35 ? FACING:UP
! -> NANCY_MOVE_TO_INFIRMARY_BOMB = WAITFOR -> MOVE:37-58 ? FACING:UP
TALKED -> NANCY_BOMBS*HERE_WE_ARE_NEXT_NEXT = WAITFOR -> SLOW:37-59 ? SWITCH_NANCY_BACK, AFFECTING:NANCY*NANCY_IS_NANCY_BACK, TP:36-58
TALKED -> NANCY_BOMBS*HERE_WE_ARE_NEXT_NEXT_VAR = WAITFOR -> SLOW:37-59 ? SWITCH_NANCY_BACK, AFFECTING:NANCY*NANCY_IS_NANCY_BACK, TP:36-58
$ -> SWITCH_NANCY_BACK = GOTO -> TP:30-45, TEXTURE_NAME:REBECCA, FACING:RIGHT
! -> FOLLOW_NANCY_GO_BLUSHING = WAITFOR -> TIMER:3 ? AFFECTING:NANCY*PLAYER_PARSE_SLOW_OR_MOVE, FOLLOW_NANCY_GO_BLUSHING
$ -> FOLLOW_NANCY_GO_BLUSHING = MEMORY -> NANCY_GO_BLUSHING_IS_FAR ? MOVE:55-11 / SLOW:55-11
GOAL -> 55-11 = TALK -> NANCY*CREDIBLE_LIE
! -> KISS_NANCY = WAITFOR -> TIMER:1 ? CAMERA:FIX, TP:70-70
! -> STOP_KISSING_NANCY = TP -> 55-11


//// DORMITORY AREA ////

WONPUZZLE -> 27-20 = MEMORY -> UNLOCKED_BOMBING_DOOR_CHEST ? PARSE_BOMBING_DOOR_ALREADY_KNOWN / MEMORY:UNLOCKED_BOMBING_DOOR_CHEST
$ -> PARSE_BOMBING_DOOR_ALREADY_KNOWN = MEMORY -> IS_BOMBING_DOOR ? TALK:OBJECT*BOMBING_DOOR_ALREADY_KNOWN / MEMORY:IS_BOMBING_DOOR_CHEST


//// TRAINING FIELD ////

! -> DARWIN_CUTSCENE = WAITFOR -> MOVE:52-53 ? FACING:DOWN
! -> IDIOT_IS_DEAD = WAITFOR -> TIMER:4 ? CUTSCENE:STOP, ACHIEVEMENT:DARWINAWARD, WAITFOR_TIMER_ONE:IDIOT_HAS_INFORMATIONS_CONDITIONNAL
! -> TP_BEFORE_ROMEO = TP -> 56-64
$ -> IDIOT_HAS_INFORMATIONS_CONDITIONNAL = MEMORY -> KEY_IN_SHOWER ? NULL / PARSE_PLAYER_SEARCHING_FOR_KEYS
$ -> PARSE_PLAYER_SEARCHING_FOR_KEYS = MEMORY -> PLAYER_SEARCHING_FOR_KEYS ? TALK:KEY_QUEST*TOOK_HIS_SECRET_TO_HIS_GRAVE / NULL
TALK -> SERGENT*LET_GO = FACING -> SERGENT
! -> PUSHED_BY_SERGENT = GOTO -> CONDITION:KO_UPSIDEDOWN_NOT_STUNNED, PUSH_LEFT_CONDITIONNAL
$ -> PUSH_LEFT_CONDITIONNAL = FACING -> LEFT ? PUSH:RIGHT / PUSH_RIGHT_CONDITIONNAL
$ -> PUSH_RIGHT_CONDITIONNAL = FACING -> RIGHT ? PUSH:LEFT / PUSH_UP_CONDITIONNAL
$ -> PUSH_UP_CONDITIONNAL = FACING -> UP ? PUSH:DOWN / PUSH:UP
TALKED -> SERGENT*PUSHUP_DONE = GOTO -> CONDITION:GOOD, MOVE:50-49
GOAL -> 50-49 = TALK -> SERGENT*PUSHUP_DONE_NEXT
SELFTALKING -> SERGENT*PUSHUP_DONE_NEXT = CUTSCENE -> STOP
! -> MOVE_TO_TRAINING_COURSE = GOTO -> CAMERA:44-51, DISPLAY_UP, MOVE:47-51
GOAL -> 47-51 = GOTO -> FACING:LEFT, WAITFOR_DOING_TRAINING_COURSE
TALKED -> OBJECT*PICK_UP_DIRTY_SOCK = FACING -> OBJ-43
TALKED -> OBJECT*PICK_UP_DIRTY_SOCK_NEXT = FACING -> OBJ-43

$ -> WAITFOR_DOING_TRAINING_COURSE = WAITFOR -> TIMER:1 ? TP:110-110, MOVE:111-110, START_DOING_COURSE
$ -> START_DOING_COURSE = GOTO -> SOUND:JUMP, CREATE_DECORATION_PLAYER_A_TIRE, CREATE_BONUS_TEXT_A_TIRE
GOAL -> 111-110 = GOTO -> SOUND:JUMP, DELETE_PLAYER_A_TIRE, CREATE_DECORATION_PLAYER_B_TIRE, CREATE_BONUS_TEXT_B_TIRE, MOVE:112-110
GOAL -> 112-110 = GOTO -> SOUND:JUMP, DELETE_PLAYER_B_TIRE, CREATE_DECORATION_PLAYER_C_TIRE, CREATE_BONUS_TEXT_C_TIRE, MOVE:113-110
GOAL -> 113-110 = GOTO -> SOUND:JUMP, DELETE_PLAYER_C_TIRE, CREATE_DECORATION_PLAYER_D_TIRE, CREATE_BONUS_TEXT_D_TIRE, MOVE:114-110
GOAL -> 114-110 = GOTO -> SOUND:JUMP, DELETE_PLAYER_D_TIRE, CREATE_DECORATION_PLAYER_E_TIRE, CREATE_BONUS_TEXT_E_TIRE, MOVE:115-110
GOAL -> 115-110 = GOTO -> SOUND:JUMP, DELETE_PLAYER_E_TIRE, CREATE_DECORATION_PLAYER_F_TIRE, CREATE_BONUS_TEXT_F_TIRE, MOVE:116-110
GOAL -> 116-110 = GOTO -> SOUND:JUMP, DELETE_PLAYER_F_TIRE, CREATE_DECORATION_PLAYER_G_TIRE, CREATE_BONUS_TEXT_G_TIRE, MOVE:117-110
GOAL -> 117-110 = GOTO -> SOUND:JUMP, DELETE_PLAYER_G_TIRE, CREATE_DECORATION_PLAYER_H_TIRE, CREATE_BONUS_TEXT_H_TIRE, MOVE:118-110
GOAL -> 118-110 = GOTO -> SOUND:JUMP, DELETE_PLAYER_H_TIRE, CREATE_DECORATION_PLAYER_I_TIRE, CREATE_BONUS_TEXT_I_TIRE, MOVE:119-110
GOAL -> 119-110 = GOTO -> SOUND:JUMP, DELETE_PLAYER_I_TIRE, CREATE_DECORATION_PLAYER_J_TIRE, CREATE_BONUS_TEXT_J_TIRE, MOVE:120-110
GOAL -> 120-110 = GOTO -> SOUND:JUMP, DELETE_PLAYER_J_TIRE, CREATE_DECORATION_PLAYER_K_TIRE, CREATE_BONUS_TEXT_K_TIRE, MOVE:121-110
GOAL -> 121-110 = GOTO -> SOUND:JUMP, DELETE_PLAYER_K_TIRE, CREATE_BONUS_TEXT_L_TIRE, CREATE_DECORATION_PLAYER_L_TIRE, MOVE:122-110
GOAL -> 122-110 = GOTO -> CAMERA:PLAYER, CUTSCENE:STOP, DISPLAY_NORMAL, FACING:LEFT, DELETE_PLAYER_L_TIRE, TP:41-51
$ -> CREATE_DECORATION_PLAYER_A_TIRE = CREATE_DECORATION -> 46-50-FRONT:LIGHT,1,1,REBECCA,0-14,1-6
$ -> CREATE_DECORATION_PLAYER_B_TIRE = CREATE_DECORATION -> 45-50-FRONT:LIGHT,1,1,REBECCA,9-5,1-6
$ -> CREATE_DECORATION_PLAYER_C_TIRE = CREATE_DECORATION -> 45-50-FRONT:LIGHT,1,1,REBECCA,2-14,1-6
$ -> CREATE_DECORATION_PLAYER_D_TIRE = CREATE_DECORATION -> 44-50-FRONT:LIGHT,1,1,REBECCA,11-5,1-6
$ -> CREATE_DECORATION_PLAYER_E_TIRE = CREATE_DECORATION -> 44-50-FRONT:LIGHT,1,1,REBECCA,4-14,1-6
$ -> CREATE_DECORATION_PLAYER_F_TIRE = CREATE_DECORATION -> 43-50-FRONT:LIGHT,1,1,REBECCA,13-5,1-6
$ -> CREATE_DECORATION_PLAYER_G_TIRE = CREATE_DECORATION -> 43-50-FRONT:LIGHT,1,1,REBECCA,6-14,1-6
$ -> CREATE_DECORATION_PLAYER_H_TIRE = CREATE_DECORATION -> 42-50-FRONT:LIGHT,1,1,REBECCA,15-5,1-6
$ -> CREATE_DECORATION_PLAYER_I_TIRE = CREATE_DECORATION -> 42-50-FRONT:LIGHT,1,1,REBECCA,8-14,1-6
$ -> CREATE_DECORATION_PLAYER_J_TIRE = CREATE_DECORATION -> 42-50-FRONT:LIGHT,1,1,REBECCA,1-5,1-6
$ -> CREATE_DECORATION_PLAYER_K_TIRE = CREATE_DECORATION -> 41-50-FRONT:LIGHT,1,1,REBECCA,10-14,1-6
$ -> CREATE_DECORATION_PLAYER_L_TIRE = CREATE_DECORATION -> 40-50-FRONT:LIGHT,1,1,REBECCA,12-16,1-6
$ -> CREATE_BONUS_TEXT_A_TIRE = CREATE_BONUSTEXT -> 46-53,NORMAL,JUMP
$ -> CREATE_BONUS_TEXT_B_TIRE = CREATE_BONUSTEXT -> 46-50,NORMAL,JUMP
$ -> CREATE_BONUS_TEXT_C_TIRE = CREATE_BONUSTEXT -> 45-53,NORMAL,JUMP
$ -> CREATE_BONUS_TEXT_D_TIRE = CREATE_BONUSTEXT -> 45-50,NORMAL,JUMP
$ -> CREATE_BONUS_TEXT_E_TIRE = CREATE_BONUSTEXT -> 44-53,NORMAL,JUMP
$ -> CREATE_BONUS_TEXT_F_TIRE = CREATE_BONUSTEXT -> 44-50,NORMAL,JUMP
$ -> CREATE_BONUS_TEXT_G_TIRE = CREATE_BONUSTEXT -> 43-53,NORMAL,JUMP
$ -> CREATE_BONUS_TEXT_H_TIRE = CREATE_BONUSTEXT -> 43-50,NORMAL,JUMP
$ -> CREATE_BONUS_TEXT_I_TIRE = CREATE_BONUSTEXT -> 42-53,NORMAL,JUMP
$ -> CREATE_BONUS_TEXT_J_TIRE = CREATE_BONUSTEXT -> 42-50,NORMAL,JUMP
$ -> CREATE_BONUS_TEXT_K_TIRE = CREATE_BONUSTEXT -> 41-53,NORMAL,JUMP
$ -> CREATE_BONUS_TEXT_L_TIRE = CREATE_BONUSTEXT -> 41-50,NORMAL,JUMP
$ -> DELETE_PLAYER_A_TIRE = DELETE -> 46-50:LIGHT,1
$ -> DELETE_PLAYER_B_TIRE = DELETE -> 45-50:LIGHT,1
$ -> DELETE_PLAYER_C_TIRE = DELETE -> 45-50:LIGHT,1
$ -> DELETE_PLAYER_D_TIRE = DELETE -> 44-50:LIGHT,1
$ -> DELETE_PLAYER_E_TIRE = DELETE -> 44-50:LIGHT,1
$ -> DELETE_PLAYER_F_TIRE = DELETE -> 43-50:LIGHT,1
$ -> DELETE_PLAYER_G_TIRE = DELETE -> 43-50:LIGHT,1
$ -> DELETE_PLAYER_H_TIRE = DELETE -> 42-50:LIGHT,1
$ -> DELETE_PLAYER_I_TIRE = DELETE -> 42-50:LIGHT,1
$ -> DELETE_PLAYER_J_TIRE = DELETE -> 42-50:LIGHT,1
$ -> DELETE_PLAYER_K_TIRE = DELETE -> 41-50:LIGHT,1
$ -> DELETE_PLAYER_L_TIRE = DELETE -> 40-50:LIGHT,1


///// REFECTORY /////

! -> TP_TO_KITCHEN = FACING -> LEFT ? TP:12-50 / PARSE_TP_TO_KITCHEN
! -> PLAYER_GOT_STUCK = TP -> 10-55
$ -> PARSE_TP_TO_KITCHEN = FACING -> RIGHT ? TP:5-51 / TP:11-52
! -> CHOICE_COOK_PRISONNER_EAT_THE_LUNCHBOX = WAITFOR -> TIMER:1 ? CAMERA_SHAKE:MEDIUM, CREATE_BURP_BONUSTEXT
! -> BURP = GOTO -> CAMERA_SHAKE:MEDIUM, CREATE_BURP_BONUSTEXT
$ -> CREATE_BURP_BONUSTEXT = CREATE_BONUSTEXT -> ONTHESPOT,IMPORTANT,BURP
TALKED -> AMIR*CUPCAKES_SHARING_READY_YES = WAITFOR -> TIMER:1 ? MOVE:18-49
GOAL -> 18-49 = GOTO -> FACING:UP, SOUND:JUMP, CONDITION:SIT, DELETE_CUPCAKES_STOOL, DISPLAY_SIT, TP:17-49
$ -> DELETE_CUPCAKES_STOOL = DELETE -> 17-49:WORLD,1
$ -> CREATE_CUPCAKES_STOOL = CREATE -> 17-49-FRONT:124-128-255
$ -> DISPLAY_SIT = DISPLAY -> -3, -10
TALKED -> AMIR*CUPCAKES_SHARING_OOPSY_LAST = GOTO -> CUTSCENE:STOP, MEMORY:AMIR_CUPCAKES_ROMANCE_DONE, WAITFOR_STOP_CUPCAKES_CUTSCENE
$ -> WAITFOR_STOP_CUPCAKES_CUTSCENE = WAITFOR -> TIMER:1 ? TP:18-49, FACING:RIGHT, SOUND:JUMP, CONDITION:GOOD, DISPLAY_NORMAL, CREATE_CUPCAKES_STOOL
! -> GET_CLOSE_TO_JESSY_FROM_DOWN = SLOW -> 3-59
! -> GET_CLOSE_TO_JESSY_FROM_UP = SLOW -> 3-57
! -> GET_CLOSE_TO_JESSY_FROM_RIGHT = WAITFOR -> TIMER:1 ? SLOW:3-58
GOAL -> 3-58 = GOTO -> FACING:LEFT, CAMERA:FIX
! -> TP_OUT_OF_SIGHT = TP -> 70-70
! -> TP_BEHIND_COLD_ROOM = TP -> 3-58


//// SCENARIO BAD ////

! -> TALK_GUARD_BAD_I_MUST_SEE_YY = WAITFOR_TIMER_ONE -> TALK:GUARD*BAD_I_MUST_SEE_YY
! -> TALK_GUARD_BAD_MOVE_OUT = WAITFOR_TIMER_ONE -> TALK:GUARD*BAD_MOVE_OUT
SELFTALKING -> GUARD*BAD_I_MUST_SEE_YY = WAITFOR -> TIMER:2 ? SLOW:31-41
SELFTALKING -> GUARD*BAD_MOVE_OUT = WAITFOR -> TIMER:1 ? SLOW:31-41
GOAL -> 31-41 = MEMORY -> TALKED_GUARD_BAD_IDEA ? TALK:GUARD*BAD_MOVE_OUT_NEXT / TALK:GUARD*BAD_IDEA
SELFTALKING -> GUARD*BAD_IDEA = GOTO -> CUTSCENE:STOP, MEMORY:TALKED_GUARD_BAD_IDEA
SELFTALKING -> GUARD*BAD_MOVE_OUT_NEXT = CUTSCENE -> STOP
! -> TP_ARMORY = GOTO -> TP:44-43, FACING:UP
TALKED -> TRASHMAN*KEY_QUEST = WAITFOR -> TIMER:2 ? SLOW:6-40
GOAL -> 6-40 = GOTO -> SLOW:6-38, WAITFOR_REACHING_TRASH
$ -> WAITFOR_REACHING_TRASH = WAITFOR -> TIMER:1 ? MOVE:STOP, TALK:TRASHMAN*KEY_QUEST_TRASHMAN_IN_TRASH
TALKED -> TRASHMAN*KEY_QUEST_TRASHMAN_IN_TRASH = GOTO -> CUTSCENE:STOP, CREATE_ORANGE_KEY, SOUND:LOOT_SPAWN
$ -> CREATE_ORANGE_KEY = CREATE -> 5-39-BACK:1-4-255


//// YY ANIMATION ////

! -> TP_TO_ARENA_INTRO = GOTO -> TP:24-34, SLOW:21-34
! -> MOVE_TO_TANKS = WAITFOR -> MOVE:27-34 ? MOVE:26-34
GOAL -> 26-34 = GOTO -> MOVE:21-34
GOAL -> 21-34 = GOTO -> FACING:RIGHT, CREATE_REBECCA, MUSIC_WITHOUT_TRANSITION:C_EST_MOI_QUI_DOMINE, WAITFOR_YY_CAMERA_TO_TOWER
$ -> CREATE_REBECCA = CREATE_DECORATION -> 21-34-BACK:WORLD,1,1,REBECCA,0-0,1-1
$ -> WAITFOR_YY_CAMERA_TO_TOWER = WAITFOR -> TIMER:1 ? CAMERA:32-34, TP:30-16, MOVE:30-20, WAITFOR_TIMER_ONE:CREATE_SPEEDLINES
$ -> CREATE_SPEEDLINES = CREATE_SCREEN_ANIMATION -> SPEEDLINES,1,50,TRUE
GOAL -> 30-20 = GOTO -> SEND_PLAYER:UP, MOVE:32-20
GOAL -> 32-20 = GOTO -> SEND_PLAYER:UP, MOVE:34-20
GOAL -> 34-20 = GOTO -> SEND_PLAYER:UP, WAITFOR_ZOOMING
$ -> WAITFOR_ZOOMING = WAITFOR_COMPLEXE_TIMER -> 1,2 ? 1*CAMERA:ZOOM, 1*CAMERA:34-34, 2*CAMERA:ZOOM, 2*CREATE_YY_GLASSES, 2*DELETE_YY_TOP_TOWER, 2*MOVE:40-20
$ -> CREATE_YY_GLASSES = CREATE_ANIMATION -> 33-33-FRONT:WORLD,3,3,YY_GLASSES,8,FALSE
$ -> DELETE_YY_TOP_TOWER = DELETE -> 33-33:WORLD,1
GOAL -> 40-20 = GOTO -> CREATE_YY_BACKFLIP, CAMERA_SHAKE:LITTLE, SOUND:JUMP, DELETE_YY_TOP_TOWER, DELETE_YY_TOP_TOWER, FAST:39-21
$ -> CREATE_YY_BACKFLIP = CREATE_ANIMATION -> 26-32-FRONT:WORLD,9,6,YY_BACKFLIP,3,FALSE
GOAL -> 39-21 = GOTO -> CAMERA_SHAKE:LITTLE, SOUND:JUMP, FAST:36-21
GOAL -> 36-21 = GOTO -> CAMERA:28-34, CREATE_SPEEDLINES, SEND_PLAYER:DOWN, CREATE_YY_POSE_ONE, SOUND:YY_TORNADO, SLOW:34-21
GOAL -> 34-21 = GOTO -> DELETE_YY_POSE, CREATE_YY_POSE_TWO, SOUND:YY_TORNADO, MOVE:31-21
GOAL -> 31-21 = GOTO -> CREATE_SPEEDLINES, SEND_PLAYER:DOWN, CREATE_YY_POSE_THREE, SOUND:YY_TORNADO, SLOW:30-22
GOAL -> 30-22 = GOTO -> DELETE_YY_POSE, CREATE_YY_POSE_FOUR, SOUND:YY_TORNADO, MOVE:32-22
GOAL -> 32-22 = GOTO -> SEND_PLAYER:DOWN, CAMERA:22-34, MOVE:38-22
GOAL -> 38-22 = GOTO -> CREATE_YY_LANDING, FAST:41-22
GOAL -> 41-22 = GOTO -> CAMERA_SHAKE:STRONG, CREATE_SHOCKWAVE, SOUND:EXPLOSION, FAST:41-23
GOAL -> 41-23 = GOTO -> CREATE_DUST, FAST:39-23
GOAL -> 39-23 = GOTO -> CUTSCENE:STOP, CAMERA:20-36, SEND_TO_BATTLE_ARENA
$ -> DELETE_YY_POSE = DELETE -> 26-34:WORLD,1 
$ -> CREATE_YY_POSE_ONE = CREATE_ANIMATION -> 26-34-FRONT:WORLD,2,2,YY_POSE_ONE,5,FALSE
$ -> CREATE_YY_POSE_TWO = CREATE_ANIMATION -> 26-34-FRONT:WORLD,2,2,YY_POSE_TWO,3,FALSE
$ -> CREATE_YY_POSE_THREE = CREATE_ANIMATION -> 26-34-FRONT:WORLD,2,2,YY_POSE_THREE,3,FALSE
$ -> CREATE_YY_POSE_FOUR = CREATE_ANIMATION -> 26-34-FRONT:WORLD,2,2,YY_POSE_FOUR,3,FALSE
$ -> CREATE_YY_LANDING = CREATE_ANIMATION -> 26-28-FRONT:WORLD,2,8,YY_LANDING,1,FALSE
$ -> CREATE_SHOCKWAVE = CREATE_SCREEN_ANIMATION -> SHOCKWAVE,6,5,FALSE
$ -> CREATE_DUST = CREATE_SCREEN_ANIMATION -> DUST,5,11,FALSE

$ -> SEND_TO_BATTLE_ARENA = GOTO -> SEND_PLAYER:DOWN, SEND_PLAYER:DOWN, TP:21-34, FACING:RIGHT, WAITFOR_PUZZLE_STRENGHT
$ -> WAITFOR_PUZZLE_STRENGHT = WAITFOR -> TIMER:15 ? OPEN_PUZZLE_STRENGHT
$ -> OPEN_PUZZLE_STRENGHT = OPEN_PUZZLE -> 50-50,1

BOSS -> READY = MEMORY -> SSJ2 ? DEFEATED / GO_SSJ2
$ -> GO_SSJ2 = GOTO -> MEMORY:SSJ2, CREATE_SSJ2_ANIMATION, CREATE_SSJ2_FRAME_IMPACT, WAITFOR_BRING_BOSS_BACK, SOUND:DBZ_POWERUP
$ -> CREATE_SSJ2_ANIMATION = CREATE_ANIMATION -> 18-33-FRONT:WORLD,4,3,YY_SSJ2,5,FALSE
$ -> DELETE_SSJ2_ANIMATION = DELETE -> 18-33:WORLD,1
$ -> CREATE_SSJ2_FRAME_IMPACT = CREATE_FRAME_IMPACT -> 80, YY_SSJ2, STRONG
$ -> WAITFOR_BRING_BOSS_BACK = WAITFOR -> TIMER:3 ? DELETE_SSJ2_ANIMATION, WAITFOR_PUZZLE_INTELLIGENCE_CONDITIONNAL
$ -> WAITFOR_PUZZLE_INTELLIGENCE_CONDITIONNAL = MEMORY -> WAITFOR_PUZZLE_INTELLIGENCE ? NULL / MEMORY:WAITFOR_PUZZLE_INTELLIGENCE, WAITFOR_PUZZLE_INTELLIGENCE
$ -> WAITFOR_PUZZLE_INTELLIGENCE = WAITFOR -> TIMER:42 ? OPEN_PUZZLE_INTELLIGENCE
$ -> OPEN_PUZZLE_INTELLIGENCE = OPEN_PUZZLE -> 52-50,1
LOSTPUZZLE -> 52-50 = GOTO -> CONDITION:KO_UPSIDEDOWN, CREATE_HEART
$ -> CREATE_HEART = CREATE -> 20-35-FRONT:0-0-255
$ -> DEFEATED = GOTO -> CREATE_TORNADO, WAITFOR_CREATE_TORNADO_END
$ -> CREATE_TORNADO = CREATE_ANIMATION -> 19-34-FRONT:WORLD,3,3,YY_DEATH_TORNADO,15,FALSE
$ -> WAITFOR_CREATE_TORNADO_END = WAITFOR_COMPLEXE_TIMER -> 2,6 ? 1*CREATE_TORNADO_END, 1*DELETE_TORNADO, 2*AFFECTING:SET-UP*ENDING_LVL
$ -> DELETE_TORNADO = DELETE -> 19-34:WORLD,1
$ -> CREATE_TORNADO_END = CREATE_ANIMATION -> 19-33-FRONT:WORLD,3,4,YY_DEATH_TORNADO_END,10,TRUE