TIME -> 0 = GOTO -> NAME:JESSY_MILITARY, FACING:RIGHT, CONDITION:GLASS, AIMING


//// START IA ////

$ -> AIMING = WAITFOR -> TIMER:1 ? SHOOTING_CONDITIONNAL
$ -> SHOOTING_CONDITIONNAL = PLAYER_FUTHER_THAN -> 11 ? SHOOT / SHOOTING_CONDITIONNAL_SECOND_VERIFICATION
$ -> SHOOTING_CONDITIONNAL_SECOND_VERIFICATION = SEE -> TARGET ? SHOOT / AIMING
$ -> SHOOT = GOTO -> SOUND_IF_CAMERA:SHOOT_GUN, CREATE_GUNSHOT, REALODING
$ -> CREATE_GUNSHOT = CREATE_ANIMATION -> 50-51-FRONT:WORLD,11,1,MILITARY,5,FALSE
$ -> DELETE_GUNSHOT = DELETE -> 50-51:WORLD,2
$ -> REALODING = WAITFOR -> TIMER:4 ? DELETE_GUNSHOT, AIMING