TIME -> 0 = GOTO -> HITBOX_INIT, HIGHLIGHT_INIT, TA_INIT


//// STATE ////

$ -> HITBOX_INIT = HITBOX -> -8, 0, 32, 12
$ -> HIGHLIGHT_INIT = HIGHLIGHT -> -1, -1, 3, 2
$ -> TA_INIT = TRIPLE_ACTION -> CUSTOM(STARE)BOOKSHELF


//// BOOKSHELF ////

SAVED -> REBECCAS_ROOM*BOOKSHELF_STARED = MEMORY -> BOOKSHELF_STARED
$ -> BOOKSHELF = GOTO -> CUTSCENE:START, MUSIC:NULL, WAITFOR_ZOOMING
$ -> WAITFOR_ZOOMING = WAITFOR_COMPLEXE_TIMER -> 1,2,3,4,5 ? 1*CAMERA:ZOOM, 1*CAMERA:PLAYER, 2*CAMERA:ZOOM, 3*CAMERA:ZOOM, 4*CAMERA:ZOOM, 5*DEZOOM
$ -> DEZOOM = WAITFOR -> TIMER:0 ? DEZOOM_1
$ -> DEZOOM_1 = WAITFOR -> TIMER:0 ? CAMERA:11-4, DEZOOM_2
$ -> DEZOOM_2 = WAITFOR -> TIMER:0 ? DEZOOM_3
$ -> DEZOOM_3 = WAITFOR -> TIMER:0 ? CAMERA:10-6, DEZOOM_4
$ -> DEZOOM_4 = WAITFOR -> TIMER:0 ? DEZOOM_5
$ -> DEZOOM_5 = WAITFOR -> TIMER:0 ? DEZOOM_6
$ -> DEZOOM_6 = WAITFOR -> TIMER:0 ? DEZOOM_7
$ -> DEZOOM_7 = WAITFOR -> TIMER:0 ? CAMERA_WITHOUT_TRANSITION:0-1, WAITFOR_TIMER_ONE:TALK_BOOKSHELF
$ -> TALK_BOOKSHELF = MEMORY -> BOOKSHELF_STARED ? TALK:OBJECT*BOOKSHELF_AGAIN / TALK:OBJECT*BOOKSHELF
SELFTALKING -> OBJECT*BOOKSHELF = GOTO -> STOP_STARING
SELFTALKING -> OBJECT*BOOKSHELF_AGAIN = GOTO -> STOP_STARING
$ -> STOP_STARING = GOTO -> MUSIC:REBECCAS_ROOM, CUTSCENE:STOP, SAVE_BOOKSHELF_STARED
$ -> SAVE_BOOKSHELF_STARED = SAVE -> REGISTER, REBECCAS_ROOM*BOOKSHELF_STARED