TIME -> 0 = GOTO -> NAME:WILLIAM, FACING:DOWN, TA_INIT, PLAYER_AVOIDER_TYPE:CUTSCENE


//// STATE ////

$ -> TA_INIT = TRIPLE_ACTION -> TALK(TALK)BIG_CELL*WILLIAM
$ -> WAITFOR_NULL = WAITFOR -> NULL


//// PLAY ////

SELFTALKING -> BIG_CELL*WILLIAM = GOTO -> MEMORY:WILLIAM_MET, REPLACE_WILLIAM_BY_PUZZLER
$ -> REPLACE_WILLIAM_BY_PUZZLER = GOTO -> MEMORY:WILLIAM_REPLACED_BY_PUZZLER, DISABLE_ONTHESPOT:1, CREATE_PUZZLER
$ -> REPLACE_PUZZLER_BY_WILLIAM = GOTO -> DELETE_PUZZLER, ENABLE_ONTHESPOT:1
$ -> REPLACE_PUZZLER_BY_WILLIAM_CONDITIONNAL = MEMORY -> WILLIAM_REPLACED_BY_PUZZLER ? REPLACE_PUZZLER_BY_WILLIAM / NULL
$ -> CREATE_PUZZLER = CREATE -> 33-20-FRONT:7-255-1
$ -> DELETE_PUZZLER = DELETE -> 33-20:WORLD,10


//// DONUT ////

! -> LOOKING_FOR_DONUT = GOTO -> REPLACE_PUZZLER_BY_WILLIAM_CONDITIONNAL, ACTION_ONE:CUSTOM(DONUT)TALK_DONUT_WILLIAM
$ -> TALK_DONUT_WILLIAM = MEMORY -> DONUT_OWNED ? MEMORY:WILLIAM_MET, TALK:BIG_CELL*DONUT_WILLIAM_ALREADY_WON / MEMORY:WILLIAM_MET, TALK:BIG_CELL*DONUT_WILLIAM
SELFTALKING -> BIG_CELL*DONUT_WILLIAM = GOTO -> FACING:DOWN, AFFECTING:KNOW_WHERE_DONUT_IS, REPLACE_WILLIAM_BY_PUZZLER
WONPUZZLE -> 33-20 = GOTO -> ADD_COUNTER_TWO, PARSE_LOOKING_FOR_DONUT
$ -> ADD_COUNTER_TWO = COUNTER_TWO -> ADD, 1
$ -> PARSE_LOOKING_FOR_DONUT = MEMORY -> LOOKING_FOR_DONUT ? TALK:BIG_CELL*DONUT_WILLIAM_SUCCESS_DONUT / TALK:BIG_CELL*DONUT_WILLIAM_SUCCESS
SELFTALKING -> BIG_CELL*DONUT_WILLIAM_SUCCESS = MEMORY -> DONUT_OWNED
SELFTALKING -> BIG_CELL*DONUT_WILLIAM_ALREADY_WON = GOTO -> GET_DONUT
SELFTALKING -> BIG_CELL*DONUT_WILLIAM_SUCCESS_DONUT = GOTO -> GET_DONUT, REPLACE_PUZZLER_BY_WILLIAM
$ -> GET_DONUT = GOTO -> MEMORY:PLAYER_HAS_DONUT, CREATE_DONUT, AFFECTING:OBJ-27*TA_TRADE_DONUT_AGAINST_COFFEE, SOUND:LOOT, HUD_ADD:4, WAITFOR_PLAYER_EAT_DONUT
$ -> WAITFOR_PLAYER_EAT_DONUT = WAITFOR -> PLAYER_FUTHER_THAN:12 ? SOUND:EAT_COOKIE, EAT_DONUT, HUD_REMOVE:2, WAITFOR_TIMER_ONE:TALK:BIG_CELL*REBECCA_ATE_DONUT
SELFTALKING -> BIG_CELL*REBECCA_ATE_DONUT = HUD_ADD -> 4
$ -> CREATE_DONUT = CREATE_BONUSTEXT -> ONPLAYER,NORMAL,DONUT
$ -> EAT_DONUT = CREATE_BONUSTEXT -> ONPLAYER,NORMAL,CRUNCH

LOSTPUZZLE -> 33-20 = MEMORY -> FAIL_AGAINST_WILLIAM_THIRD_TIME ? TALK_WILLIAM_FAIL_POST_TRICK / PARSE_FAIL_AGAINST_WILLIAM_SECOND_TIME
$ -> TALK_WILLIAM_FAIL_POST_TRICK = RANDOM -> PERCENTAGE:50 ? TALK:BIG_CELL*DONUT_WILLIAM_FAIL_POST_TRICK / TALK:BIG_CELL*DONUT_WILLIAM_FAIL_POST_TRICK_VAR
$ -> PARSE_FAIL_AGAINST_WILLIAM_SECOND_TIME = MEMORY -> FAIL_AGAINST_WILLIAM_SECOND_TIME ? MEMORY:FAIL_AGAINST_WILLIAM_THIRD_TIME, TALK:BIG_CELL*DONUT_WILLIAM_FAIL_FINAL / PARSE_FAIL_AGAINST_WILLIAM_FIRST_TIME
$ -> PARSE_FAIL_AGAINST_WILLIAM_FIRST_TIME = MEMORY -> FAIL_AGAINST_WILLIAM_FIRST_TIME ? MEMORY:FAIL_AGAINST_WILLIAM_SECOND_TIME, TALK:BIG_CELL*DONUT_WILLIAM_FAIL_NEXT / MEMORY:FAIL_AGAINST_WILLIAM_FIRST_TIME, TALK:BIG_CELL*DONUT_WILLIAM_FAIL
SELFTALKING -> BIG_CELL*DONUT_WILLIAM_FAIL_FINAL = TALK -> BIG_CELL*TEDDY_PSSST
SELFTALKING -> BIG_CELL*TEDDY_PSSST = DISABLE -> 33-20:10


//// KEY ////

! -> LOOKING_FOR_YELLOW_KEY = GOTO -> LOOKING_FOR_YELLOW_KEY, A2_YELLOW_KEY_LOOP
$ -> A2_YELLOW_KEY_LOOP = WAITFOR -> TIMER:1 ? LOOKING_FOR_YELLOW_KEY, A2_YELLOW_KEY_LOOP
$ -> LOOKING_FOR_YELLOW_KEY = NUMBER_SETTINGS -> TRUE ? ACTION_ONE:TALK(KEY_3)YELLOW_KEY*WILLIAM_YELLOW_KEY / ACTION_ONE:TALK(YELLOW_KEY)YELLOW_KEY*WILLIAM_YELLOW_KEY
! -> KNOW_WHERE_YELLOW_KEY_IS = GOTO -> WAITFOR_NULL, ACTION_TWO:NULL
SELFTALKING -> YELLOW_KEY*WILLIAM_YELLOW_KEY = GOTO -> WAITFOR_NULL


//// GUNSHOT ////
 
! -> GUNSHOT = WAITFOR -> TIMER:2 ? EXPRESSION:EXCLAMATION, BLOCKING_PATH:FALSE, WAITFOR_TIMER_ONE:MOVE:30-27
GOAL -> 30-27 = WAITFOR -> TIMER:1 ? MOVE:30-28
GOAL -> 30-28 = WAITFOR -> TIMER:1 ? MOVE:31-28
GOAL -> 31-28 = GOTO -> FACING:DOWN, WAITFOR_CREATING_LOADING_GUN_ANIMATION
$ -> WAITFOR_CREATING_LOADING_GUN_ANIMATION = WAITFOR -> TIMER:1 ? TP:1-2, CREATE_LOADING_GUN_ANIMATION, DELETE_SHOTGUN
$ -> DELETE_SHOTGUN = DELETE -> 31-29:WORLD,2
$ -> CREATE_LOADING_GUN_ANIMATION = CREATE_ANIMATION -> 31-28-BACK:WORLD,1,1,WILLIAM_LOADING_SHOTGUN,20,FALSE
! -> TEDDY_ABOUT_TO_BE_SHOT = GOTO -> FACING:LEFT, TP:27-25, WAITFOR_CREATE_WILLIAM_ADVENGING_TEDDY_ANIMATION
$ -> WAITFOR_CREATE_WILLIAM_ADVENGING_TEDDY_ANIMATION = WAITFOR -> TIMER:6 ? AFFECTING:TEDDY_ABOUT_TO_BE_ADVENGED
! -> TEDDY_ABOUT_TO_BE_ADVENGED = GOTO -> CREATE_WILLIAM_ADVENGING_TEDDY_POLICE_ANIMATION, CREATE_WILLIAM_ADVENGING_TEDDY_GRENADE_ANIMATION, WAITFOR_ADMIRING_EXPLOSION
$ -> CREATE_WILLIAM_ADVENGING_TEDDY_POLICE_ANIMATION = CREATE_ANIMATION -> 15-24-FRONT:WORLD,3,2,WILLIAM_ADVENGING_TEDDY_POLICE,21,FALSE
$ -> CREATE_WILLIAM_ADVENGING_TEDDY_GRENADE_ANIMATION = CREATE_ANIMATION -> 15-25-FRONT:WORLD,12,1,WILLIAM_ADVENGING_TEDDY_GRENADE,5,FALSE
$ -> DELETE_WILLIAM_ADVENGING_TEDDY_POLICE = DELETE -> 15-24:WORLD,1
$ -> DELETE_WILLIAM_ADVENGING_TEDDY_GRENADE = DELETE -> 15-25:WORLD,1
$ -> WAITFOR_ADMIRING_EXPLOSION = WAITFOR -> TIMER:2 ? MOVE:19-25, WAITFOR_CREATE_WILLIAM_ADVENGING_TEDDY_EXPLOSION_ANIMATION
$ -> WAITFOR_CREATE_WILLIAM_ADVENGING_TEDDY_EXPLOSION_ANIMATION = WAITFOR -> TIMER:2 ? CAMERA_SHAKE:STRONG, CREATE_WILLIAM_ADVENGING_TEDDY_EXPLOSION_ANIMATION, DELETE_WILLIAM_ADVENGING_TEDDY_POLICE, DELETE_WILLIAM_ADVENGING_TEDDY_GRENADE, WAITFOR_SLOW_SADNESS
$ -> CREATE_WILLIAM_ADVENGING_TEDDY_EXPLOSION_ANIMATION = CREATE_ANIMATION -> 14-22-FRONT:GROUND,7,5,WILLIAM_ADVENGING_TEDDY_EXPLOSION,3,FALSE
$ -> WAITFOR_SLOW_SADNESS = WAITFOR -> TIMER:3 ? SLOW:19-24
GOAL -> 19-24 = SLOW -> 17-24
GOAL -> 17-24 = WAITFOR_COMPLEXE_TIMER -> 1,3,5,6 ? 1*CREATE_WILLIAM_MOURNING_ANIMATION, 1*TP:3-3, 1*CONDITION:CUP, 2*CREATE_WILLIAM_HAT, 2*TP:17-24, 2*DELETE_WILLIAM_MOURNING_ANIMATION, 2*DELETE_WILLIAM_MOURNING_ANIMATION, 3*SLOW:17-23, 4*AFFECTING:DEADLY_SOLDIERS
$ -> CREATE_WILLIAM_MOURNING_ANIMATION = CREATE_ANIMATION -> 16-24-FRONT:WORLD,2,1,WILLIAM_MOURNING,10,FALSE
$ -> DELETE_WILLIAM_MOURNING_ANIMATION = DELETE -> 16-24:WORLD,1
$ -> CREATE_WILLIAM_HAT = CREATE_DECORATION -> 16-24-FRONT:GROUND,1,1,WILLIAMS_HAT,0-0,1-1
GOAL -> 17-23 = SLOW -> 16-19

! -> DEADLY_SOLDIERS = DELETE -> 31-28:WORLD,1
