TIME -> 0 = GOTO -> NAME:REBECCA, FACING:UP, PARSE_CHECKPOINT
$ -> PARSE_CHECKPOINT = CHECKPOINT -> BOMBING ? TP:12-19, FACING:RIGHT / PARSE_CHECKPOINT_FAST_START
$ -> PARSE_CHECKPOINT_FAST_START = CHECKPOINT -> FAST_START ? TP:30-45 / NULL


//// STATE ////

! -> DISGUISE = GOTO -> MEMORY:DISGUISE, NAME:REBECCA_POLICE_CAPLESS, TALK:OBJECT*DISGUISE
$ -> DISPLAY_SIT = DISPLAY -> 0, -1
! -> DISPLAY_PLAYER_NORMAL = DISPLAY -> 0, 0
! -> CONDITION_GOOD = CONDITION -> GOOD
! -> KILLED = GOTO -> CONDITION:KO, CREATE_BLOOD_PUDDLE
$ -> CREATE_BLOOD_PUDDLE = CREATE_DECORATION -> ONTHESPOT-FRONT:GROUND,1,1,BLOOD_PUDDLE,0-0,1-1
! -> TP_OUT_OF_SIGHT = GOTO -> CAMERA:FIX, TP:1-1


//// INTRODUCTION ////

TALKED -> SARAH*INTRODUCTION = WAITFOR -> MOVE:16-42 ? MOVE:16-43
GOAL -> 16-43 = MEMORY -> SARAH_MOVED_TO_TOILET ? CUTSCENE:STOP / TALK:SARAH*WHAT_NOW
TALKED -> SARAH*WHAT_NOW = GOTO -> AFFECTING:SARAH*MOVE_TO_TOILET, MEMORY:SARAH_MOVED_TO_TOILET, WAITFOR_MOVE_TO_TOILET
$ -> WAITFOR_MOVE_TO_TOILET = WAITFOR ->  TIMER:1 ? MOVE:30-43
GOAL -> 30-43 = WAITFOR -> MOVE:30-46 ? MOVE:32-47
GOAL -> 32-47 = MOVE -> 33-47
GOAL -> 33-47 = MEMORY -> PLAYER_TAKING_A_SHIT ? FACING:UP, DISPLAY_SINK, AFFECTING:OBJ-03*PLAYER_REACHED_SINK / MUSIC:INFILTRATION, TALK:SARAH*BRANCHING_FAIL
TALKED -> SARAH*BRANCHING_FAIL = GOTO -> REFRESH_TOILET_DOOR, FACING:SARAH, TALK:SARAH*BRANCHING
$ -> REFRESH_TOILET_DOOR = GOTO -> DELETE_TOILET_DOOR, CREATE_TOILET_DOOR, SOUND:DOOR_CLOSE
$ -> DELETE_TOILET_DOOR = DELETE -> 32-47:WORLD,1
$ -> CREATE_TOILET_DOOR = CREATE -> 32-47-FRONT:1-255-0
TALKED -> SARAH*BRANCHING = CHOICE -> PLAYER : (STEAL_INFORMATION)SCENARIO_CAMILLE, (LOOK_FOR_ANOTHER_LEAD)SCENARIO_STEPHAN


//// RECEPTION ////

! -> PREVENT_FROM_LEAVING_ENTRANCE = MEMORY -> ENTRANCE_IS_EXTENDED ? MOVE:30-56 / MOVE:30-48
GOAL -> 30-56 = CUTSCENE -> STOP
GOAL -> 30-48 = CUTSCENE -> STOP
! -> TP_SPEEDRUN = TP -> 16-47
! -> STOP_PLAYER = MOVE -> STOP
! -> MOVE_PLAYER_TO_SINK = MOVE -> 33-47
$ -> DISPLAY_SINK = DISPLAY -> 0, -14
! -> LEAVE_MIAOUSS_DESK = CONDITION -> SIT ? AFFECTING:PLAYER*LEAVE_MIAOUSS_COMPUTER, MOVE:14-44 / MOVE:14-44
! -> MOVE_OUT_OF_CORRIDOR = GOTO -> MOVE:STOP, WAITFOR_TIMER_ONE:SLOW:25-44
GOAL -> 14-44 = GOTO -> FACING:LEFT, AFFECTING:MIAOUSS*PLAYER_LEFT_MIAOUSS_DESK
! -> SAT_ON_MIAOUSS_COMPUTER = GOTO -> FACING:RIGHT, CONDITION:SIT, SOUND:JUMP, DISPLAY_SIT, TP:9-44
! -> LEAVE_MIAOUSS_COMPUTER = CONDITION -> SIT ? FACING:DOWN, CONDITION:GOOD, SOUND:JUMP, AFFECTING:PLAYER*DISPLAY_PLAYER_NORMAL, TP:9-45 / NULL
! -> MOVE_UNDER_VENT = MOVE -> 17-48
! -> MOVE_UNDER_MIAOUSS_VENT = MOVE -> 11-45
! -> MOVE_NEAR_BAIT = MOVE -> 12-45
GOAL -> 17-48 = WAITFOR -> TIMER:1 ? AFFECTING:OBJ-07*PLAYER_REACHED_UNDER_VENT
GOAL -> 11-45 = WAITFOR -> TIMER:1 ? AFFECTING:OBJ-09-VENT*PLAYER_REACHED_UNDER_MIAOUSS_VENT
GOAL -> 12-45 = WAITFOR -> TIMER:1 ? AFFECTING:OBJ-08*PLAYER_REACHED_NEAR_BAIT, AFFECTING:OBJ-09*PLAYER_REACHED_NEAR_BAIT
! -> TP_VENT = TP -> 16-48
! -> TP_MIAOUSS_VENT = TP -> 11-44
! -> MOVE_DIVERSION = WAITFOR -> SLOW:15-47 ? FACING:LEFT, WAITING_RUSH_AGAINST_WALL
$ -> WAITING_RUSH_AGAINST_WALL = WAITFOR -> TIMER:2 ? FAST:14-47
GOAL -> 14-47 = GOTO -> SOUND:HIT_MEDIUM, AFFECTING:MIAOUSS_FALLING_PLANT
! -> MIAOUSS_FALLING_PLANT = WAITFOR_COMPLEXE_TIMER -> 1,7 ? 1*SLOW:16-47, 2*TALK_PLAN_VAR_CONDITIONNAL
GOAL -> 16-47 = FACING -> UP
$ -> TALK_PLAN_VAR_CONDITIONNAL = MEMORY -> SARAH_DETENTION ? TALK:RESULTS*PLAN_VAR / FAST:16-44
SELFTALKING -> RESULTS*PLAN_VAR = FAST -> 16-44
GOAL -> 16-44 = FAST -> 26-44
GOAL -> 26-44 = AFFECTING -> SET-UP*END_SPEEDRUN
TALKED -> POLICEMAN*PLAYER_SPOTTED_MIAOUSS_SECOND_INTRUSION_NEXT = WAITFOR -> TIMER:1 ? KO_PLAYER
! -> TALKED_POLICEMAN_PLAYER_SPOTTED_MIAOUSS_SECOND_INTRUSION_NEXT = WAITFOR -> TIMER:1 ? KO_PLAYER
$ -> KO_PLAYER = GOTO -> SOUND:HIT_LARGE, CONDITION:KO, DELETE_BED, TP:31-7, CAMERA_WITHOUT_TRANSITION:PLAYER, CONCUSSION
$ -> CONCUSSION = GOTO -> WAITFOR_ETERNAL_SLEEP, ACHIEVEMENT:CONCUSSION
$ -> WAITFOR_ETERNAL_SLEEP = WAITFOR -> TIMER:10 ? ACHIEVEMENT:ETERNALSLEEP, PLAYER_KILLED_END
$ -> PLAYER_KILLED_END = END_LVL -> GAME_OVER, PROCESS
$ -> DELETE_BED = DELETE -> 31-7:WORLD,1

! -> MOVE_IN_JAMES_DESK = MOVE -> 16-41
GOAL -> 16-41 = AFFECTING -> JAMES*WAITFOR_TALK_PLAYER_SPOTTED_JAMES_WITHIN_DESK
! -> MOVE_OUT_JAMES_DESK = MOVE -> 16-43
! -> MOVE_IN_CASSIDY_DESK = MOVE -> 22-47
GOAL -> 22-47 = AFFECTING -> CASSIDY*WAITFOR_TALK_PLAYER_SPOTTED_CASSIDY_WITHIN_DESK
! -> MOVE_OUT_CASSIDY_DESK = MOVE -> 22-45
GOAL -> 22-45 = GOTO -> PARSE_FINAL_CASSIDY_CONDITIONNAL, CUTSCENE:STOP
$ -> PARSE_FINAL_CASSIDY_CONDITIONNAL = MEMORY -> DISGUISE ? PARSE_FINAL_CASSIDY_DISGUISE / PARSE_FINAL_CASSIDY
$ -> PARSE_FINAL_CASSIDY = MEMORY -> PLAYER_SPOTTED_CASSIDY_WITHIN_DESK_LAST ? CREATE_WALL, TALK:POLICEWOMAN*PLAYER_SPOTTED_CASSIDY_WITHIN_DESK_FINAL / NULL
$ -> PARSE_FINAL_CASSIDY_DISGUISE = MEMORY -> PLAYER_SPOTTED_CASSIDY_WITHIN_DESK_DISGUISE_LAST ? CREATE_WALL, TALK:POLICEWOMAN*PLAYER_SPOTTED_CASSIDY_WITHIN_DESK_FINAL / NULL
$ -> CREATE_WALL = CREATE -> 22-46-BACK:255-255-255
TALKED -> SARAH*DIVERSION_START = FACING -> LEFT ? SLOW:28-45 / NULL
GOAL -> 28-45 = FACING -> LEFT
! -> MOVE_IN_FRONT_OF_JESSY_DESK = WAITFOR -> MOVE:30-44 ? FACING:DOWN, CUTSCENE:STOP
TALKED -> SARAH*DIVERSION_AGAIN = WAITFOR -> TIMER:1 ? MOVE:33-44
TALKED -> SARAH*DIVERSION_AGAIN_VAR = WAITFOR -> TIMER:1 ? MOVE:33-44
! -> CREATE_CYAN_KEY = CREATE -> 30-41-BACK:1-1-255
! -> PLANT_STOLEN = CREATE_BONUSTEXT -> ONTHESPOT,NORMAL,PLANT
PICKUPLOOT -> 30-41 = TALK -> OBJECT*MASTER_KEY
TALKED -> OBJECT*MASTER_KEY = GOTO -> CREATE_START_KEY_LVL_CHEST, OPEN_START_KEY_LVL_CHEST
$ -> CREATE_START_KEY_LVL_CHEST = CREATE -> 1-2-FRONT:2-128-255
$ -> OPEN_START_KEY_LVL_CHEST = OPEN_PUZZLE -> 1-2,1
$ -> DELETE_START_KEY_LVL_CHEST = DELETE -> 1-2:WORLD,1
WONPUZZLE -> 1-2 = GOTO -> DELETE_START_KEY_LVL_CHEST


//// CHANGING ROOM & FUTHER ////

TALKED -> OBJECT*DISGUISE = AFFECTING -> OBJ-24*DISGUISE_DETECTOR_DELETE
! -> DOOR_DIVERSION_CHECKER = GOTO -> MOVE:STOP, TP:30-39
! -> CREATE_SHOVEL = CREATE -> ONTHESPOT-BACK:4-1-255
! -> CREATE_GREEN_KEY = CREATE -> ONTHESPOT-BACK:1-2-255
! -> CREATE_DONUT = CREATE_BONUSTEXT -> ONTHESPOT,NORMAL,DONUT
! -> EAT_DONUT = CREATE_BONUSTEXT -> ONTHESPOT,NORMAL,CRUNCH
! -> CREATE_COFFEE = GOTO -> CONDITION:CUP, BONUS_TEXT_COFFEE
$ -> BONUS_TEXT_COFFEE = CREATE_BONUSTEXT -> ONTHESPOT,NORMAL,COFFEE
! -> TP_VENT_BOMB_LEFT = TP -> 27-29
! -> TP_VENT_BOMB = TP -> 28-29


//// RESTROOM ////

TALKED -> OBJECT*BETTER_COUCHING = GOTO -> CUTSCENE:START, MOVE:12-33, WAITFOR_TIMER_ONE:UNSIT_FROM_CHAIR_CONDITIONNAL
$ -> UNSIT_FROM_CHAIR_CONDITIONNAL = MEMORY -> SAT_ON_RESTROOM_STOOL_INSTEAD_OF_CHAIR ? UNSIT_FROM_STOOL / UNSIT_FROM_CHAIR
$ -> UNSIT_FROM_CHAIR = STATE_PLAYER -> 10-35,0,-8,DOWN,GOOD, SOUND:JUMP, AFFECTING:REFRESH_RESTROOM_SITS
$ -> UNSIT_FROM_STOOL = STATE_PLAYER -> 12-35,0,0,UP,GOOD, SOUND:JUMP, AFFECTING:REFRESH_RESTROOM_SITS
GOAL -> 12-33 = GOTO -> AFFECTING:OBJ-15*COUCH_SITTING, CAMERA:PLAYER, CUTSCENE:STOP
! -> PLAYER_DRINKING = CREATE_BONUSTEXT -> ONTHESPOT,NORMAL,SLURP


///// UP /////

! -> PREVENT_FROM_LEAVING_BEHIND = MOVE -> 17-5
GOAL -> 17-5 = CUTSCENE -> STOP
WONPUZZLE -> 14-19 = GOTO -> CHECKPOINT:BOMBING, CUTSCENE:START, SLOW:15-19, AFFECTING:SARAH*DIVERSION_SUCCESSFUL
GOAL -> 15-19 = GOTO -> CUTSCENE:STOP, CREATE_WALL_TOILET, AFFECTING:OBJ-29*INIT_WALL_TOILET
$ -> CREATE_WALL_TOILET = CREATE -> 14-19-FRONT:29-255-255
! -> TP_PLAYER_MIDDLE_CELL = TP -> 22-7
! -> BONUS_TEXT_RESULTS_OBTAINED = CREATE_BONUSTEXT -> ONTHESPOT,NORMAL,RESULTS_OBTAINED
! -> MOVE_TO_EMAIL_DESK = WAITFOR -> MOVE:12-23 ? SOUND:JUMP, FACING:DOWN, CONDITION:SIT, DISPLAY_SIT, DELETE_CHAIR, TP:11-23, SOUND:KEYBOARD, WAITFOR_LEAVE_DESK
$ -> WAITFOR_LEAVE_DESK = WAITFOR -> TIMER:4 ? CAMERA:FIX, AFFECTING:GIOVANNI*SEND_EMAIL, SEND_MAIL_PLAYER_CENTER, WAITFOR_TIMER_ONE:CAMERA:24-31
$ -> SEND_MAIL_PLAYER_CENTER = GOTO -> CONDITION:GOOD, TP:12-23, FACING:DOWN, AFFECTING:PLAYER*DISPLAY_PLAYER_NORMAL, MOVE:21-25
GOAL -> 21-25 = GOTO -> AFFECTING:OBJ-28*SEND_EMAIL, FACING:DOWN
$ -> DELETE_CHAIR = DELETE -> 11-23:WORLD,1
TALKED -> OBJECT*WAKE_UP_JESSY = FACING -> JESSY
TALKED -> OBJECT*EXIT_TOILET = TP -> 15-19
TALKED -> POLICEMAN*PLAYER_SPOTTED_BUTCH_SHOTGUN = WAITFOR -> MOVE:21-19 ? CUTSCENE:STOP
TALKED -> POLICEMAN*PLAYER_SPOTTED_BUTCH_SHOTGUN_NEXT = WAITFOR -> MOVE:21-19 ? CUTSCENE:STOP
TALKED -> POLICEMAN*PLAYER_SPOTTED_BUTCH_SHOTGUN_FINAL = WAITFOR -> MOVE:21-19 ? CUTSCENE:STOP
TALKED -> RESULTS*ARCHIVES_FINAL = MEMORY -> DOCUMENTS_IS_END ? AFFECTING:SET-UP*ENDING_LVL / NULL
! -> TP_LEFT_CELL = TP -> 17-7


///// BIG JAIL /////

! -> MOVE_TO_CELL_DOOR = WAITFOR -> TIMER:2 ? MOVE:27-22
GOAL -> 27-22 = FACING -> RIGHT
! -> CREATE_YELLOW_KEY = CREATE -> ONTHESPOT-BACK:1-3-255
! -> MOVE_TO_DOUG = MOVE -> DOUG
TALKED -> YELLOW_KEY*TEDDY_YELLOW_KEY = WAITFOR -> TIMER:2 ? MOVE:31-22
GOAL -> 31-22 = MOVE -> 26-22
GOAL -> 26-22 = MEMORY -> POLARIS_KILLED ? FACING:RIGHT / MOVE:26-17
GOAL -> 26-17 = FACING -> UP


//// GUNSHOT ////

! -> HEADING_BOMBS = GOTO -> CUTSCENE:START, MOVE:32-29
$ -> WAITFOR_TAKING_BOMBS = WAITFOR -> TIMER:1 ? CREATE_YELLOW_BOMB, DELETE_YELLOW_BOMB, WAITFOR_TIMER_ONE:MOVE:32-27
$ -> CREATE_YELLOW_BOMB = CREATE -> 32-29-BACK:2-3-255
$ -> DELETE_YELLOW_BOMB = DELETE -> 32-28:WORLD,1
GOAL -> 32-27 = WAITFOR -> TIMER:1 ? SOUND:MATCH_STICK, MEMORY:GUNSHOT, MOVE:32-29, WAITFOR_START_GUNSHOT
$ -> WAITFOR_START_GUNSHOT = WAITFOR -> TIMER:3 ? DELETE_ARMORY_COLLAPSE, SOUND:EXPLOSION_LARGE, CAMERA_SHAKE:MEDIUM, CREATE_EXPLOSION_ARMORY_COLLAPSE_ANIMATION, START_GUNSHOT
$ -> DELETE_ARMORY_COLLAPSE = DELETE -> 32-26:WORLD,1
$ -> CREATE_EXPLOSION_ARMORY_COLLAPSE_ANIMATION = CREATE -> 32-26-FRONT:2-128-1

WONPUZZLE -> 32-26 = GOTO -> START_GUNSHOT
$ -> START_GUNSHOT = GOTO -> GUNSHOT_DEEDS, MUSIC:DAVE_THEME_GUNSHOT, CUTSCENE:START, MEMORY:GUNSHOT, AFFECTING:GUNSHOT, MOVE:32-29
$ -> GUNSHOT_DEEDS = GOTO -> ADD_COUNTER_THREE, GOOD_DEED:FREE_DOUG, BAD_DEED:COLLATERAL_DAMAGE
$ -> ADD_COUNTER_THREE = COUNTER_THREE -> ADD, 4
GOAL -> 32-29 = MEMORY -> GUNSHOT ? FACING:UP / FACING:RIGHT, WAITFOR_TAKING_BOMBS
! -> GUNSHOT = WAITFOR_COMPLEXE_TIMER -> 2,4,13,16,18,21  ? 1*CAMERA:32-22, 2*CAMERA:32-28, 3*CAMERA:16-41, 3*AFFECTING:POLICE_ALERT, 4*CAMERA:29-46, 5*AFFECTING:POLICE_FASTER_ALERT, 5*CAMERA:29-34, 6*POLICEWOMAN_VIEW
$ -> POLICEWOMAN_VIEW = GOTO ->  BLOCKING_PATH:FALSE, CAMERA:PLAYER, TEXTURE_NAME:POLICEMAN, TP:16-31, SLOW:16-27

GOAL -> 16-27 = GOTO -> SLOW:16-25, AFFECTING:TEDDY*RUNNING_FOR_HIGH_KICK
GOAL -> 16-25 = GOTO -> CAMERA:FIX, TP:6-6, SLOW:6-7, CREATE_COOLEST_HIGH_KICK_EVER, CREATE_COOLEST_HIGH_KICK_EVER_FRAME_IMPACT, WAITFOR_CREATE_COOLEST_HIGH_KICK_EVER_DECORATION
GOAL -> 6-7 = DELETE -> 14-25:WORLD,1
$ -> CREATE_COOLEST_HIGH_KICK_EVER = CREATE_ANIMATION -> 10-23-FRONT:WORLD,10,5,COOLEST_HIGH_KICK_EVER,3,FALSE
$ -> CREATE_COOLEST_HIGH_KICK_EVER_FRAME_IMPACT = CREATE_FRAME_IMPACT -> 15, COOLEST_HIGH_KICK_EVER, TINY
$ -> WAITFOR_CREATE_COOLEST_HIGH_KICK_EVER_DECORATION = WAITFOR -> TIMER:1 ? CREATE_COOLEST_HIGH_KICK_EVER_DECORATION, DELETE_COOLEST_HIGH_KICK_EVER_ANIMATION, AFFECTING:TEDDY_ABOUT_TO_BE_SHOT
$ -> CREATE_COOLEST_HIGH_KICK_EVER_DECORATION = CREATE_DECORATION -> 10-23-BACK:WORLD,6,5,COOLEST_HIGH_KICK_EVER,0-0,1-1
$ -> DELETE_COOLEST_HIGH_KICK_EVER_ANIMATION = DELETE -> 10-23:WORLD,10

! -> DEADLY_SOLDIERS = GOTO -> CONDITION:GLASS, TP:18-35, MOVE:16-35
GOAL -> 16-35 = GOTO -> CAMERA:PLAYER, MOVE:16-31
GOAL -> 16-31 = WAITFOR -> MOVE:16-24 ? MOVE:26-24
GOAL -> 26-24 = WAITFOR -> MOVE:30-22 ? MOVE:30-21
GOAL -> 30-21 = GOTO -> CAMERA:FIX, AFFECTING:POLARIS_ABOUT_TO_BE_SHOT

! -> POLARIS_ABOUT_TO_BE_SHOT =  WAITFOR_COMPLEXE_TIMER -> 1,7,13 ? 1*CONDITION:GLASS, 2*CONDITION:KO, 3*AFFECTING:FATAL_DANCE
! -> FATAL_DANCE = GOTO -> CONDITION:GOOD, TEXTURE_NAME:REBECCA, TP:26-16, SLOW:26-22